CompetitionID,MatchID,MatchTypeID,MatchType,MatchStatus,MatchDate,MatchDateNew,MatchName,MatchTime,GMTMatchTime,GMTMatchDate,FirstBattingTeamID,FirstBattingTeamName,SecondBattingTeamID,SecondBattingTeamName,FirstBattingTeamCode,SecondBattingTeamCode,GroundID,GroundName,Commentss,TossTeam,TossDetails,TossText,Flag,FirstBattingSummary,SecondBattingSummary,ClientMatchID,MATCH_COMMENCE_START_DATE,city,FlickrAlbumID,LiveStream,FBURL,T20ProMatchID,Temperature,WeatherIcon,TempUpdatedDate,GroundUmpire1ID,GroundUmpire2ID,GroundUmpire3ID,RefereeID,HomeTeamID,HomeTeamName,HomeTeamColor1,HomeTeamColor2,AwayTeamColor1,AwayTeamColor2,AwayTeamID,AwayTeamName,timezone1,MatchEndDate,MatchEndTime,MATCH_NO_OF_OVERS,ROUND_ID,MatchTypeName,RowNo,TeamType,CompetitionName,GroundUmpire1,GroundUmpire2,ThirdUmpire,Comments,HomeTeamLogo,AwayTeamLogo,MatchHomeTeamLogo,MatchAwayTeamLogo,VideoScorecard,TimeZone,CurrentStrikerID,CurrentStrikerName,StrikerRuns,StrikerBalls,StrikerFours,StrikerSixes,StrikerSR,StrikerImage,CurrentNonStrikerID,CurrentNonStrikerName,NonStrikerRuns,NonStrikerBalls,NonStrikerFours,NonStrikerSixes,NonStrikerSR,NonStrikerImage,CurrentBowlerID,CurrentBowlerName,BowlerOvers,BowlerRuns,BowlerMaidens,BowlerWickets,BowlerEconomy,BowlerSR,BowlerImage,ChasingText,MatchBreakComments,MatchProgress,CurrentInnings,1Summary,1FallScore,1FallWickets,1FallOvers,1RunRate,2Summary,2FallScore,2FallWickets,2FallOvers,2RunRate,3Summary,3FallScore,3FallWickets,3FallOvers,3RunRate,4Summary,4FallScore,4FallWickets,4FallOvers,4RunRate,5Summary,5FallScore,5FallWickets,5FallOvers,5RunRate,6Summary,6FallScore,6FallWickets,6FallOvers,6RunRate,DivisionID,SecondInningsFirstBattingID,SecondInningsFirstBattingName,SecondInningsSecondBattingID,SecondInningsSecondBattingName,ThirdInningsFirstBattingID,ThirdInningsFirstBattingName,ThirdInningsSecondBattingID,ThirdInningsSecondBattingName,WinningTeamID,MatchOrder,RevisedOver,RevisedTarget,MatchRow,ProjectedScore,2ndProjectedScore,3rdProjectedScore,MOM,MOM_TYPE,MOMPlayerId,MOMRuns,MOMBalls,MOMWicket,MOMRC,MOMImage,KO,GMTMatchEndTime,GMTMatchEndDate,matchDateTime,timestamp,CustomMatchTime
154,1498,1,One Day D/N,Post,2024-06-16,16 Jun 2024,India (Women) vs South Africa (Women),13:30,08:00 GMT,2024-06-16,52,India (Women),54,South Africa (Women),INDW,SAW,12,M Chinnaswamy Stadium,India (Women) Won by 143  Runs ,India (Women),India (Women) Won The Toss And Elected To Bat, Won The Toss And Elected To Bat,1,265/8 (50.0 Ov),122/10 (37.4 Ov),,2024-06-16 13:30:00,Bengaluru,,,,,,,,498,261,159,87,52,India (Women),,,,,54,South Africa (Women),Asia/Kolkata,16 Jun 2024,22:30,50,0,ODI,1,,South Africa Women Tour Of India Odi Series 2024,Nimali Perera,Rohan Pandit,KN Ananthapadmanabhan,India (Women) Won by 143  Runs ,https://scores.bcci.tv/matchcentre/teamlogos/india.png,https://scores.bcci.tv/matchcentre/teamlogos/rP928la9Yi1724744471LlZ2REbyDx1690461185sa.png,https://scores.bcci.tv/matchcentre/teamlogos/india.png,https://scores.bcci.tv/matchcentre/teamlogos/rP928la9Yi1724744471LlZ2REbyDx1690461185sa.png,0,+9.5,cc48836a443d4f22aed6b4d0e1b3103,Ayabonga Khaka,0,7,0,0,0.0,https://scores.bcci.tv/matchcentre/playerimages/szk6j8E52a1718182693442.png,2022-100mb00000000947-7fbbe0469a0411,Sinalo Jafta,27,30,4,0,90.0,https://scores.bcci.tv/matchcentre/playerimages/mPBVaCw5eJ1718182745947.png,2023-100mb00000001920-1e6c1fc5b39011,Sobhana Asha,8.4,21,2,4,2.42,13.0,https://scores.bcci.tv/matchcentre/playerimages/pDvHeqgeXh17184203631920.png,,,87.67,2,265/8 (50.0 Overs),265,8,50.0,5.3,122/10 (37.4 Overs),122,10,37.4,3.24,,,,,,,,,,,,,,,,,,,,,1,,,,,,,,,52,1st ODI,,,1,162,0,0,Smriti Mandhana,,401,117,127,-,-,https://scores.bcci.tv/matchcentre/playerimages/8xllIAnJpw1718420487401.png,,,,,,
154,1499,1,One Day D/N,Post,2024-06-19,19 Jun 2024,India (Women) vs South Africa (Women),13:30,08:00 GMT,2024-06-19,52,India (Women),54,South Africa (Women),INDW,SAW,12,M Chinnaswamy Stadium,India (Women) Won by 4  Runs ,South Africa (Women),South Africa (Women) Won The Toss And Elected To Field, Won The Toss And Elected To Field,1,325/3 (50.0 Ov),321/6 (50.0 Ov),,2024-06-19 13:30:00,Bengaluru,,,,,,,,159,484,498,87,52,India (Women),,,,,54,South Africa (Women),Asia/Kolkata,19 Jun 2024,22:30,50,0,ODI,2,,South Africa Women Tour Of India Odi Series 2024,KN Ananthapadmanabhan,Janani N,Nimali Perera,India (Women) Won by 4  Runs ,https://scores.bcci.tv/matchcentre/teamlogos/india.png,https://scores.bcci.tv/matchcentre/teamlogos/rP928la9Yi1724744471LlZ2REbyDx1690461185sa.png,https://scores.bcci.tv/matchcentre/teamlogos/india.png,https://scores.bcci.tv/matchcentre/teamlogos/rP928la9Yi1724744471LlZ2REbyDx1690461185sa.png,0,+9.5,7c2c9d0886fa4046bea0f079e7e0f95,Laura Wolvaardt,135,135,12,3,100.0,https://scores.bcci.tv/matchcentre/playerimages/FuWXPh9EI31718182648436.png,2024-100mb00000003272-e757f94b224411,Mieke De Ridder,0,1,0,0,0.0,https://scores.bcci.tv/matchcentre/playerimages/5RVlxW5awl17181826133272.png,1c321bd6cf754f6aa8f13a0f49c469d,Pooja Vastrakar,7.0,54,0,2,7.71,21.0,https://scores.bcci.tv/matchcentre/playerimages/g2zDqT6r6y1718420439397.png,,,99.83,2,325/3 (50.0 Overs),325,3,50.0,6.5,321/6 (50.0 Overs),321,6,50.0,6.42,,,,,,,,,,,,,,,,,,,,,1,,,,,,,,,52,2nd  ODI,,,2,321,0,0,Harmanpreet Kaur,,387,103,88,-,-,https://scores.bcci.tv/matchcentre/playerimages/NrWyuvwa3Q1718420392387.png,,,,,,
154,1500,1,One Day D/N,Post,2024-06-23,23 Jun 2024,India (Women) vs South Africa (Women),13:30,08:00 GMT,2024-06-23,54,South Africa (Women),52,India (Women),SAW,INDW,12,M Chinnaswamy Stadium,India (Women) Won by 6  Wickets ,South Africa (Women),South Africa (Women) Won The Toss And Elected To Bat, Won The Toss And Elected To Bat,1,215/8 (50.0 Ov),220/4 (40.4 Ov),,2024-06-23 13:30:00,Bengaluru,,,,,,,,484,498,261,87,52,India (Women),,,,,54,South Africa (Women),Asia/Kolkata,23 Jun 2024,22:30,50,0,ODI,3,,South Africa Women Tour Of India Odi Series 2024,Janani N,Nimali Perera,Rohan Pandit,India (Women) Won by 6  Wickets ,https://scores.bcci.tv/matchcentre/teamlogos/rP928la9Yi1724744471LlZ2REbyDx1690461185sa.png,https://scores.bcci.tv/matchcentre/teamlogos/india.png,https://scores.bcci.tv/matchcentre/teamlogos/india.png,https://scores.bcci.tv/matchcentre/teamlogos/rP928la9Yi1724744471LlZ2REbyDx1690461185sa.png,0,+9.5,20200f9bf4944bce11ea9b3802322e7,Richa Ghosh,6,3,0,1,200.0,https://scores.bcci.tv/matchcentre/playerimages/zp1ckS4So31718420464399.png,4acef6b5a64744ecb8a987bf5c8b33b,Jemimah Rodrigues,19,31,1,0,61.29,https://scores.bcci.tv/matchcentre/playerimages/rI3usxJL731718420404388.png,1754215f21e54a3c95479db74d8fee3,Tumi Sekhukhune,8.4,43,0,1,4.96,52.0,https://scores.bcci.tv/matchcentre/playerimages/ZMegMcmcWS1718182675441.png,,,90.67,2,215/8 (50.0 Overs),215,8,50.0,4.3,220/4 (40.4 Overs),220,4,40.4,5.41,,,,,,,,,,,,,,,,,,,,,1,,,,,,,,,52,3rd  ODI,,,3,270,0,0,Deepti Sharma,,395,-,-,2,27,https://scores.bcci.tv/matchcentre/playerimages/wYsbQRQ8VG1718420424395.png,,,,,,
155,1501,6,Multi Day,Post,2024-06-28,28 Jun 2024,India (Women) vs South Africa (Women),09:30,04:00 GMT,2024-06-28,52,India (Women),54,South Africa (Women),INDW,SAW,18,MA Chidambaram Stadium,India (Women) Won by 10  Wickets ,India (Women),India (Women) Won The Toss And Elected To Bat, Won The Toss And Elected To Bat,1,603/6 dec (115.1 Ov) & 37/0 (9.2 Ov),266/10 (84.3 Ov) & 373/10 (154.4 Ov),,2024-06-28 09:30:00,Chennai,,,,,,,,87,485,221,121,52,India (Women),,,,,54,South Africa (Women),Asia/Kolkata,1 Jul 2024,17:30,90,0,Test,1,,South Africa Women Tour Of India Test Series 2024,Virender Kumar Sharma,Gayathri Venugopalan,Madanagopal Jayaraman,India (Women) Won by 10  Wickets ,https://scores.bcci.tv/matchcentre/teamlogos/india.png,https://scores.bcci.tv/matchcentre/teamlogos/rP928la9Yi1724744471LlZ2REbyDx1690461185sa.png,https://scores.bcci.tv/matchcentre/teamlogos/india.png,https://scores.bcci.tv/matchcentre/teamlogos/rP928la9Yi1724744471LlZ2REbyDx1690461185sa.png,0,+9.5,2023-100mb00000002715-1b88f733936011,Shubha Satheesh,13,26,1,0,50.0,https://scores.bcci.tv/matchcentre/playerimages/3OzH3qxQrr17194892562715.png,20196b991076ecad11e9ab5002322e7,Shafali Verma,24,30,3,1,80.0,https://scores.bcci.tv/matchcentre/playerimages/0wyk1Zt3w41719489327398.png,2023-100mb00000001710-03287c3e970011,Delmi Tucker,4.2,19,0,0,4.38,0.0,https://scores.bcci.tv/matchcentre/playerimages/FwIS4IpfqC17194855771710.png,,,77.59,4,603/6 dec (115.1 Overs),603,6 dec,115.1,5.24,266/10 (84.3 Overs),266,10,84.3,3.15,373/10 (154.4 Overs),373,10,154.4,2.41,37/0 (9.2 Overs),37,0,9.2,3.96,,,,,,,,,,,1,54,South Africa (Women),52,India (Women),,,,,52,Test,,,1,0,0,0,Sneh Rana,,887,-,-,8,77,https://scores.bcci.tv/matchcentre/playerimages/li2KxTc4Iq1719489393887.png,,,,,,
156,1502,8,T20 (N),Post,2024-07-05,5 Jul 2024,India (Women) vs South Africa (Women),19:00,13:30 GMT,2024-07-05,54,South Africa (Women),52,India (Women),SAW,INDW,18,MA Chidambaram Stadium,South Africa (Women) Won by 12   Runs ,India (Women),India (Women) Won The Toss And Elected To Field, Won The Toss And Elected To Field,1,189/4 (20.0 Ov),177/4 (20.0 Ov),,2024-07-05 19:00:00,Chennai,,,,,,,,221,483,87,121,52,India (Women),,,,,54,South Africa (Women),Asia/Kolkata,5 Jul 2024,23:59,20,0,T20,1,,South Africa Women Tour Of India T20 Series 2024,Madanagopal Jayaraman,Vrinda Rathi,Virender Kumar Sharma,South Africa (Women) Won by 12   Runs ,https://scores.bcci.tv/matchcentre/teamlogos/rP928la9Yi1724744471LlZ2REbyDx1690461185sa.png,https://scores.bcci.tv/matchcentre/teamlogos/india.png,https://scores.bcci.tv/matchcentre/teamlogos/india.png,https://scores.bcci.tv/matchcentre/teamlogos/rP928la9Yi1724744471LlZ2REbyDx1690461185sa.png,0,+9.5,45e022a459e64a3eb0391acc0db5efa,Harmanpreet Kaur,35,29,5,0,120.68,https://scores.bcci.tv/matchcentre/playerimages/Ix5jIiBK3z1720155162387.png,4acef6b5a64744ecb8a987bf5c8b33b,Jemimah Rodrigues,53,30,7,1,176.66,https://scores.bcci.tv/matchcentre/playerimages/aRqZhNE6OV1720155170388.png,2019767fe6b9ebd911e9ab5002322e7,Nonkululeko Mlaba,4.0,32,0,1,8.0,24.0,https://scores.bcci.tv/matchcentre/playerimages/Dth4hm9k1w1720156026444.png,,,,2,189/4 (20.0 Overs),189,4,20.0,9.45,177/4 (20.0 Overs),177,4,20.0,8.85,,,,,,,,,,,,,,,,,,,,,1,,,,,,,,,54,1st T20I,,,1,177,0,0,Tazmin Brits,,949,81,56,-,-,https://scores.bcci.tv/matchcentre/playerimages/ulynaIDmMO1720156055949.png,,,,,,
156,1503,8,T20 (N),Post,2024-07-07,7 Jul 2024,India (Women) vs South Africa (Women),19:00,13:30 GMT,2024-07-07,54,South Africa (Women),52,India (Women),SAW,INDW,18,MA Chidambaram Stadium,No Result,India (Women),India (Women) Won The Toss And Elected To Field, Won The Toss And Elected To Field,1,177/6 (20.0 Ov),,,2024-07-07 19:00:00,Chennai,,,,,,,,485,87,221,121,52,India (Women),,,,,54,South Africa (Women),Asia/Kolkata,7 Jul 2024,23:59,20,0,T20,2,,South Africa Women Tour Of India T20 Series 2024,Gayathri Venugopalan,Virender Kumar Sharma,Madanagopal Jayaraman,No Result,https://scores.bcci.tv/matchcentre/teamlogos/rP928la9Yi1724744471LlZ2REbyDx1690461185sa.png,https://scores.bcci.tv/matchcentre/teamlogos/india.png,https://scores.bcci.tv/matchcentre/teamlogos/india.png,https://scores.bcci.tv/matchcentre/teamlogos/rP928la9Yi1724744471LlZ2REbyDx1690461185sa.png,0,+9.5,2023-100mb00000001709-f1da89c196ff11,Annerie Dercksen,12,3,3,0,400.0,https://scores.bcci.tv/matchcentre/playerimages/qyWfmhDHnS17201559111709.png,2024-100mb00000003271-d7f36e0e224411,Eliz mari Marx,1,2,0,0,50.0,https://scores.bcci.tv/matchcentre/playerimages/rzBb35pe4H17201559473271.png,1c321bd6cf754f6aa8f13a0f49c469d,Pooja Vastrakar,4.0,37,0,2,9.25,12.0,https://scores.bcci.tv/matchcentre/playerimages/T19CxQG3sf1720155179397.png,,,,1,177/6 (20.0 Overs),177,6,20.0,8.85,,,,,,,,,,,,,,,,,,,,,,,,,,1,,,,,,,,,,2nd  T20I,,,2,177,177,177,,,,-,-,-,-,,,,,,,
156,1504,2,T20,Post,2024-07-09,9 Jul 2024,India (Women) vs South Africa (Women),19:00,13:30 GMT,2024-07-09,54,South Africa (Women),52,India (Women),SAW,INDW,18,MA Chidambaram Stadium,India (Women) Won by 10  Wickets ,India (Women),India (Women) Won The Toss And Elected To Field, Won The Toss And Elected To Field,1,84/10 (17.1 Ov),88/0 (10.5 Ov),,2024-07-09 19:00:00,Chennai,,,,,,,,87,586,221,121,52,India (Women),,,,,54,South Africa (Women),Asia/Kolkata,9 Jul 2024,23:59,20,0,T20,3,,South Africa Women Tour Of India T20 Series 2024,Virender Kumar Sharma,Vrinda Rathi,Madanagopal Jayaraman,India (Women) Won by 10  Wickets ,https://scores.bcci.tv/matchcentre/teamlogos/rP928la9Yi1724744471LlZ2REbyDx1690461185sa.png,https://scores.bcci.tv/matchcentre/teamlogos/india.png,https://scores.bcci.tv/matchcentre/teamlogos/india.png,https://scores.bcci.tv/matchcentre/teamlogos/rP928la9Yi1724744471LlZ2REbyDx1690461185sa.png,0,+9.5,5e06fdb22a3c493093228705309b237,Smriti Mandhana,54,40,8,2,135.0,https://scores.bcci.tv/matchcentre/playerimages/tfMyyA46on1720155287401.png,20196b991076ecad11e9ab5002322e7,Shafali Verma,27,25,3,0,108.0,https://scores.bcci.tv/matchcentre/playerimages/i2oZTH6Fkc1720155247398.png,2019ec93d715ebd911e9ab5002322e7,Nadine De Klerk,1.5,22,0,0,12.0,0.0,https://scores.bcci.tv/matchcentre/playerimages/LDfxPbDpMT1720156037445.png,,,77.08,2,84/10 (17.1 Overs),84,10,17.1,4.89,88/0 (10.5 Overs),88,0,10.5,8.12,,,,,,,,,,,,,,,,,,,,,1,,,,,,,,,52,3rd  T20I,,,3,162,0,0,Pooja Vastrakar,,397,-,-,4,13,https://scores.bcci.tv/matchcentre/playerimages/T19CxQG3sf1720155179397.png,,,,,,
168,1600,8,T20 (N),Post,2024-07-19,19 Jul 2024,India (Women) vs Pakistan (Women),19:00,13:30 GMT,2024-07-19,74,Pakistan (Women),52,India (Women),PAKW,INDW,72,Rangiri Dambulla International Stadium,India (Women) Won by 7  Wickets ,Pakistan (Women),Pakistan (Women) Won The Toss And Elected To Bat, Won The Toss And Elected To Bat,1,108/10 (19.2 Ov),109/3 (14.1 Ov),,2024-07-19 19:00:00,Dambulla,,,,,,,,498,572,500,145,52,India (Women),,,,,74,Pakistan (Women),Asia/Kolkata,19 Jul 2024,23:59,20,0,T20,1,,Asia Cup Women T20 2024 Bcci,Nimali Perera,Shathira Jakir Jesy,Dedunu Silva,India (Women) Won by 7  Wickets ,https://scores.bcci.tv/matchcentre/teamlogos/v0FFav09Bh1686738723pakistan.png,https://scores.bcci.tv/matchcentre/teamlogos/india.png,https://scores.bcci.tv/matchcentre/teamlogos/india.png,https://scores.bcci.tv/matchcentre/teamlogos/v0FFav09Bh1686738723pakistan.png,0,+9.5,4acef6b5a64744ecb8a987bf5c8b33b,Jemimah Rodrigues,3,3,0,0,100.0,https://scores.bcci.tv/matchcentre/playerimages/70s8Ptg0qg1721398802388.png,45e022a459e64a3eb0391acc0db5efa,Harmanpreet Kaur,5,11,0,0,45.45,https://scores.bcci.tv/matchcentre/playerimages/6MYNHXKadt1721398793387.png,2022-100mb00000001266-081b0671072411,Sadia Iqbal,2.1,18,0,0,8.31,0.0,https://scores.bcci.tv/matchcentre/playerimages/TcUPuifChl17211276121266.png,,,,2,108/10 (19.2 Overs),108,10,19.2,5.59,109/3 (14.1 Overs),109,3,14.1,7.69,,,,,,,,,,,,,,,,,,,,,2,,,,,,,,,52,1st T20I,,,1,153,0,0,Deepti Sharma,,395,-,-,3,20,https://scores.bcci.tv/matchcentre/playerimages/F8yxmLcWF21721398819395.png,,,,,,
168,1601,2,T20,Post,2024-07-21,21 Jul 2024,India (Women) vs UAE (Women),14:00,08:30 GMT,2024-07-21,52,India (Women),84,UAE (Women),INDW,UAEW,72,Rangiri Dambulla International Stadium,India (Women) Won by 78  Runs ,UAE (Women),Uae (Women) Won The Toss And Elected To Field, Won The Toss And Elected To Field,1,201/5 (20.0 Ov),123/7 (20.0 Ov),,2024-07-21 14:00:00,Dambulla,,,,,,,,572,498,496,145,52,India (Women),,,,,84,UAE (Women),Asia/Kolkata,21 Jul 2024,23:59,20,0,T20,2,,Asia Cup Women T20 2024 Bcci,Shathira Jakir Jesy,Nimali Perera,Saleem Imtiaz,India (Women) Won by 78  Runs ,https://scores.bcci.tv/matchcentre/teamlogos/india.png,https://scores.bcci.tv/matchcentre/teamlogos/ujUPV1erRm1721214414uae.png,https://scores.bcci.tv/matchcentre/teamlogos/india.png,https://scores.bcci.tv/matchcentre/teamlogos/ujUPV1erRm1721214414uae.png,0,+9.5,2022-100mb00000001156-fdc848f8ee0911,Kavisha Egodage,40,32,3,1,125.0,https://scores.bcci.tv/matchcentre/playerimages/5BWCcPmym117211273661156.png,2022-100mb00000001160-8e7d1fe9ee0a11,Rithika Rajith,6,7,0,0,85.71,https://scores.bcci.tv/matchcentre/playerimages/o4bRfi8kcK17211274011160.png,4e78f2e8c4854e419aedda1321ac7ad,Radha Yadav,4.0,29,0,1,7.25,24.0,https://scores.bcci.tv/matchcentre/playerimages/6N0D5E0Ytm1721398862400.png,,,99.58,2,201/5 (20.0 Overs),201,5,20.0,10.05,123/7 (20.0 Overs),123,7,20.0,6.15,,,,,,,,,,,,,,,,,,,,,2,,,,,,,,,52,2nd  T20I,,,2,123,0,0,Richa Ghosh,,399,64,29,-,-,https://scores.bcci.tv/matchcentre/playerimages/Sc5qBLEReD1721398853399.png,,,,,,
168,1602,8,T20 (N),Post,2024-07-23,23 Jul 2024,India (Women) vs Nepal (Women),19:00,13:30 GMT,2024-07-23,52,India (Women),88,Nepal (Women),INDW,NEPW,72,Rangiri Dambulla International Stadium,India (Women) Won by 82  Runs (Qualified),India (Women),India (Women) Won The Toss And Elected To Bat, Won The Toss And Elected To Bat,1,178/3 (20.0 Ov),96/9 (20.0 Ov),,2024-07-23 19:00:00,Dambulla,,,,,,,,496,498,572,145,52,India (Women),,,,,88,Nepal (Women),Asia/Kolkata,23 Jul 2024,23:59,20,0,T20,3,,Asia Cup Women T20 2024 Bcci,Saleem Imtiaz,Nimali Perera,Shathira Jakir Jesy,India (Women) Won by 82  Runs (Qualified),https://scores.bcci.tv/matchcentre/teamlogos/india.png,https://scores.bcci.tv/matchcentre/teamlogos/5hJFODvQtR1725442101Nepal W.png,https://scores.bcci.tv/matchcentre/teamlogos/india.png,https://scores.bcci.tv/matchcentre/teamlogos/5hJFODvQtR1725442101Nepal W.png,0,+9.5,2022-100mb00000001089-8cd54a0ced9f11,Bindu Rawal,17,19,2,0,89.47,https://scores.bcci.tv/matchcentre/playerimages/UsX6iQGhW417212089091089.png,2022-100mb00000001092-fd0dfda8ed9f11,Sabnam Rai,1,2,0,0,50.0,https://scores.bcci.tv/matchcentre/playerimages/vAx6GbjUpd17212090021092.png,934e9959231c4ca3b118005cdbee4e8,Deepti Sharma,4.0,13,0,3,3.25,8.0,https://scores.bcci.tv/matchcentre/playerimages/F8yxmLcWF21721398819395.png,,,,2,178/3 (20.0 Overs),178,3,20.0,8.9,96/9 (20.0 Overs),96,9,20.0,4.8,,,,,,,,,,,,,,,,,,,,,2,,,,,,,,,52,3rd  T20I,,,3,96,0,0,Shafali Verma,,398,81,48,-,-,https://scores.bcci.tv/matchcentre/playerimages/EKK7LVvRuK1721398843398.png,,,,,,
168,1611,5,T20 D/N,Post,2024-07-26,26 Jul 2024,India (Women) vs Bangladesh (Women),14:00,08:30 GMT,2024-07-26,76,Bangladesh (Women),52,India (Women),BANW,INDW,72,Rangiri Dambulla International Stadium,India (Women) Won by 10  Wickets (Qualified),Bangladesh (Women),Bangladesh (Women) Won The Toss And Elected To Bat, Won The Toss And Elected To Bat,1,80/8 (20.0 Ov),83/0 (11.0 Ov),,2024-07-26 14:00:00,Dambulla,,,,,,,,500,498,497,145,52,India (Women),,,,,76,Bangladesh (Women),Asia/Kolkata,26 Jul 2024,23:30,20,23,T20,4,,Asia Cup Women T20 2024 Bcci,Dedunu Silva,Nimali Perera,Hemangi Yerzal,India (Women) Won by 10  Wickets (Qualified),https://scores.bcci.tv/matchcentre/teamlogos/bng.png,https://scores.bcci.tv/matchcentre/teamlogos/india.png,https://scores.bcci.tv/matchcentre/teamlogos/india.png,https://scores.bcci.tv/matchcentre/teamlogos/bng.png,0,+9.5,5e06fdb22a3c493093228705309b237,Smriti Mandhana,55,39,9,1,141.02,https://scores.bcci.tv/matchcentre/playerimages/eHRcoLKxAn1721398880401.png,20196b991076ecad11e9ab5002322e7,Shafali Verma,26,28,2,0,92.85,https://scores.bcci.tv/matchcentre/playerimages/EKK7LVvRuK1721398843398.png,2022-100mb00000000958-84e3e35a9a0711,Nahida Akter,3.0,34,0,0,11.33,0.0,https://scores.bcci.tv/matchcentre/playerimages/JWyeq2INHz1721984551958.png,,,77.50,2,80/8 (20.0 Overs),80,8,20.0,4,83/0 (11.0 Overs),83,0,11.0,7.55,,,,,,,,,,,,,,,,,,,,,2,,,,,,,,,52,Semi Final 1,,,4,151,0,0,Renuka Singh,,888,-,-,3,10,https://scores.bcci.tv/matchcentre/playerimages/SNKvp1rjRW1721398899888.png,Semi Final 1,,,,,
168,1612,2,T20,Post,2024-07-28,28 Jul 2024,India (Women) vs Sri Lanka (Women),15:00,09:30 GMT,2024-07-28,52,India (Women),83,Sri Lanka (Women),INDW,SLW,72,Rangiri Dambulla International Stadium,Sri Lanka (Women) Won by 8  Wickets (Winners),India (Women),India (Women) Won The Toss And Elected To Bat, Won The Toss And Elected To Bat,1,165/6 (20.0 Ov),167/2 (18.4 Ov),,2024-07-28 15:00:00,Dambulla,,,,,,,,496,572,497,121,52,India (Women),,,,,83,Sri Lanka (Women),Asia/Kolkata,28 Jul 2024,23:59,20,11,T20,5,,Asia Cup Women T20 2024 Bcci,Saleem Imtiaz,Shathira Jakir Jesy,Hemangi Yerzal,Sri Lanka (Women) Won by 8  Wickets (Winners),https://scores.bcci.tv/matchcentre/teamlogos/india.png,https://scores.bcci.tv/matchcentre/teamlogos/srilanka.png?v=2,https://scores.bcci.tv/matchcentre/teamlogos/india.png,https://scores.bcci.tv/matchcentre/teamlogos/srilanka.png?v=2,0,+9.5,2022-100mb00000001198-6418e451f0a711,Kavisha Dilhari,30,16,1,2,187.5,https://scores.bcci.tv/matchcentre/playerimages/itaACfn3yH17220146811198.png,2022-100mb00000001204-96224700f0a911,Harshitha Samarawickrama,69,51,6,2,135.29,https://scores.bcci.tv/matchcentre/playerimages/qfDRl3W4j117220147841204.png,1c321bd6cf754f6aa8f13a0f49c469d,Pooja Vastrakar,3.4,29,0,0,7.91,0.0,https://scores.bcci.tv/matchcentre/playerimages/p4r20QszJA1721398829397.png,,,96.67,2,165/6 (20.0 Overs),165,6,20.0,8.25,167/2 (18.4 Overs),167,2,18.4,8.95,,,,,,,,,,,,,,,,,,,,,2,,,,,,,,,83,Final,,,5,179,0,0,Harshitha Samarawickrama,,1204,69,51,-,-,https://scores.bcci.tv/matchcentre/playerimages/qfDRl3W4j117220147841204.png,Final,,,,,
172,1613,2,T20,Post,2024-08-07,7 Aug 2024,Australia A (Women) vs India A (Women),13:00,03:00 GMT,2024-08-07,230,Australia A (Women),148,India A (Women),AUS-AW,IND-AW,138,Allan Border Field,Australia A (Women) Won by 5 Runs ,India A (Women),India A (Women) Won The Toss And Elected To Field, Won The Toss And Elected To Field,1,163/5 (20.0 Ov),158/6 (20.0 Ov),,2024-08-07 13:00:00,Brisbane,,,,,,,,0,0,0,0,230,Australia A (Women),,,,,148,India A (Women),Asia/Kolkata,7 Aug 2024,17:00,20,0,T20,1,,India A Women Tour Of Australia T20 Series 2024,,,,Australia A (Women) Won by 5 Runs ,https://scores.bcci.tv/matchcentre/teamlogos/7CULHqQdTT1722943854Aus.png,https://scores.bcci.tv/matchcentre/teamlogos/exxrHiweo31722943975BCCI.png,https://scores.bcci.tv/matchcentre/teamlogos/7CULHqQdTT1722943854Aus.png,https://scores.bcci.tv/matchcentre/teamlogos/exxrHiweo31722943975BCCI.png,0,+9.5,2024-100mb00000003353-c4a0961253e911,Bist Raghvi,2,4,0,0,50.0,https://scores.bcci.tv/matchcentre/playerimages/,2024-100mb00000003099-98f92a06cf3411,Sayali Satghare,14,7,2,0,200.0,https://scores.bcci.tv/matchcentre/playerimages/,2022-100mb00000000968-0f3b7a899a1511,Tahlia Mcgrath,4.0,30,0,0,7.5,0.0,https://scores.bcci.tv/matchcentre/playerimages/0FagzwWO0n1703005153968.png,,,99.58,2,163/5 (20.0 Overs),163,5,20.0,8.15,158/6 (20.0 Overs),158,6,20.0,7.9,,,,,,,,,,,,,,,,,,,,,2,,,,,,,,,230,1st T20,,,1,158,0,0,,,,-,-,-,-,,,,,,,
172,1614,2,T20,Post,2024-08-09,9 Aug 2024,Australia A (Women) vs India A (Women),13:00,03:00 GMT,2024-08-09,148,India A (Women),230,Australia A (Women),IND-AW,AUS-AW,138,Allan Border Field,Australia A (Women) Won by 8 Wickets ,Australia A (Women),Australia A (Women) Won The Toss And Elected To Field, Won The Toss And Elected To Field,1,130/9 (20.0 Ov),133/2 (18.2 Ov),,2024-08-09 13:00:00,Brisbane,,,,,,,,0,0,0,0,230,Australia A (Women),,,,,148,India A (Women),Asia/Kolkata,9 Aug 2024,17:30,20,0,T20,2,,India A Women Tour Of Australia T20 Series 2024,,,,Australia A (Women) Won by 8 Wickets ,https://scores.bcci.tv/matchcentre/teamlogos/exxrHiweo31722943975BCCI.png,https://scores.bcci.tv/matchcentre/teamlogos/7CULHqQdTT1722943854Aus.png,https://scores.bcci.tv/matchcentre/teamlogos/7CULHqQdTT1722943854Aus.png,https://scores.bcci.tv/matchcentre/teamlogos/exxrHiweo31722943975BCCI.png,0,+9.5,2024-100mb00000003351-5ee7dea653e811,Tahlia Wilson,53,46,6,0,115.21,https://scores.bcci.tv/matchcentre/playerimages/,2022-100mb00000000968-0f3b7a899a1511,Tahlia Mcgrath,47,38,5,1,123.68,https://scores.bcci.tv/matchcentre/playerimages/0FagzwWO0n1703005153968.png,2022-100mb00000000886-de269f4788b811,Meghna Singh,3.2,20,0,1,6.0,20.0,https://scores.bcci.tv/matchcentre/playerimages/Meghna-Singh.jpg,,,95.83,2,130/9 (20.0 Overs),130,9,20.0,6.5,133/2 (18.2 Overs),133,2,18.2,7.25,,,,,,,,,,,,,,,,,,,,,2,,,,,,,,,230,2nd T20,,,2,145,0,0,,,,-,-,-,-,,,,,,,
172,1615,2,T20,Post,2024-08-11,11 Aug 2024,Australia A (Women) vs India A (Women),13:00,03:00 GMT,2024-08-11,148,India A (Women),230,Australia A (Women),IND-AW,AUS-AW,138,Allan Border Field,Australia A (Women) Won by 7 Wickets ,Australia A (Women),Australia A (Women) Won The Toss And Elected To Field, Won The Toss And Elected To Field,1,120/8 (20.0 Ov),121/3 (13.5 Ov),,2024-08-11 13:00:00,Brisbane,,,,,,,,591,592,0,0,230,Australia A (Women),,,,,148,India A (Women),Asia/Kolkata,11 Aug 2024,17:00,20,0,T20,3,,India A Women Tour Of Australia T20 Series 2024,Brigham D,Roberto Howard,,Australia A (Women) Won by 7 Wickets ,https://scores.bcci.tv/matchcentre/teamlogos/exxrHiweo31722943975BCCI.png,https://scores.bcci.tv/matchcentre/teamlogos/7CULHqQdTT1722943854Aus.png,https://scores.bcci.tv/matchcentre/teamlogos/7CULHqQdTT1722943854Aus.png,https://scores.bcci.tv/matchcentre/teamlogos/exxrHiweo31722943975BCCI.png,0,+9.5,2022-100mb00000000968-0f3b7a899a1511,Tahlia Mcgrath,51,22,8,2,231.81,https://scores.bcci.tv/matchcentre/playerimages/0FagzwWO0n1703005153968.png,2024-100mb00000003346-91d0143d53e711,Tess Flintoff,2,4,0,0,50.0,https://scores.bcci.tv/matchcentre/playerimages/,2022-100mb00000001653-a4f559707f7211,Shabnam Shakil,2.5,28,0,1,9.88,17.0,https://scores.bcci.tv/matchcentre/playerimages/sU1ZdHtqd316737105241653.png,,,84.58,2,120/8 (20.0 Overs),120,8,20.0,6,121/3 (13.5 Overs),121,3,13.5,8.75,,,,,,,,,,,,,,,,,,,,,2,,,,,,,,,230,3rd T20,,,3,175,0,0,,,,-,-,-,-,,,,,,,
173,1616,3,One Day,Post,2024-08-14,14 Aug 2024,Australia A (Women) vs India A (Women),05:30,19:30 GMT,2024-08-13,148,India A (Women),230,Australia A (Women),IND-AW,AUS-AW,139,"Great Barrier Reef Arena, Mackay",Australia A (Women) Won by 4 Wickets ,Australia A (Women),Australia A (Women) Won The Toss And Elected To Field, Won The Toss And Elected To Field,1,249/9 (50.0 Ov),250/6 (47.0 Ov),,2024-08-14 05:30:00,Queensland,,,,,,,,594,593,0,230,230,Australia A (Women),,,,,148,India A (Women),Asia/Kolkata,14 Aug 2024,17:30,50,0,ODI,1,,India A Women Tour Of Australia One Day Series 2024,David Taylor,Troy Penman,,Australia A (Women) Won by 4 Wickets ,https://scores.bcci.tv/matchcentre/teamlogos/exxrHiweo31722943975BCCI.png,https://scores.bcci.tv/matchcentre/teamlogos/7CULHqQdTT1722943854Aus.png,https://scores.bcci.tv/matchcentre/teamlogos/7CULHqQdTT1722943854Aus.png,https://scores.bcci.tv/matchcentre/teamlogos/exxrHiweo31722943975BCCI.png,0,+9.5,2024-100mb00000003354-f81e619f546711,Kate Peterson,1,3,0,0,33.33,https://scores.bcci.tv/matchcentre/playerimages/,2024-100mb00000003342-e03bede253e611,Maitlan Brown,0,0,0,0,0.0,https://scores.bcci.tv/matchcentre/playerimages/,2022-100mb00000000886-de269f4788b811,Meghna Singh,9.0,43,0,2,4.78,27.0,https://scores.bcci.tv/matchcentre/playerimages/Meghna-Singh.jpg,,,97.00,2,249/9 (50.0 Overs),249,9,50.0,4.98,250/6 (47.0 Overs),250,6,47.0,5.32,,,,,,,,,,,,,,,,,,,,,2,,,,,,,,,230,1st OD,,,1,266,0,0,,,,-,-,-,-,,,,,,,
173,1617,1,One Day D/N,Post,2024-08-16,16 Aug 2024,Australia A (Women) vs India A (Women),13:20,03:20 GMT,2024-08-16,148,India A (Women),230,Australia A (Women),IND-AW,AUS-AW,139,"Great Barrier Reef Arena, Mackay",Australia A (Women) Won by 8 Wickets ,Australia A (Women),Australia A (Women) Won The Toss And Elected To Field, Won The Toss And Elected To Field,1,218/10 (48.0 Ov),221/2 (40.2 Ov),,2024-08-16 13:20:00,Queensland,,,,,,,,0,0,0,0,230,Australia A (Women),,,,,148,India A (Women),Asia/Kolkata,16 Aug 2024,23:30,50,0,ODI,2,,India A Women Tour Of Australia One Day Series 2024,,,,Australia A (Women) Won by 8 Wickets ,https://scores.bcci.tv/matchcentre/teamlogos/exxrHiweo31722943975BCCI.png,https://scores.bcci.tv/matchcentre/teamlogos/7CULHqQdTT1722943854Aus.png,https://scores.bcci.tv/matchcentre/teamlogos/7CULHqQdTT1722943854Aus.png,https://scores.bcci.tv/matchcentre/teamlogos/exxrHiweo31722943975BCCI.png,0,+9.5,2022-100mb00000000968-0f3b7a899a1511,Tahlia Mcgrath,32,26,5,0,123.07,https://scores.bcci.tv/matchcentre/playerimages/0FagzwWO0n1703005153968.png,2024-100mb00000003343-1bc2f13e53e711,Maddy Darke,106,115,7,0,92.17,https://scores.bcci.tv/matchcentre/playerimages/,2022-100mb00000001653-a4f559707f7211,Shabnam Shakil,6.2,38,0,0,6.0,0.0,https://scores.bcci.tv/matchcentre/playerimages/sU1ZdHtqd316737105241653.png,,,90.33,2,218/10 (48.0 Overs),218,10,48.0,4.54,221/2 (40.2 Overs),221,2,40.2,5.48,,,,,,,,,,,,,,,,,,,,,2,,,,,,,,,230,2nd OD,,,2,274,0,0,,,,-,-,-,-,,,,,,,
173,1618,1,One Day D/N,Post,2024-08-18,18 Aug 2024,Australia A (Women) vs India A (Women),13:20,03:20 GMT,2024-08-18,148,India A (Women),230,Australia A (Women),IND-AW,AUS-AW,139,"Great Barrier Reef Arena, Mackay",India A (Women) Won by 171 Runs ,Australia A (Women),Australia A (Women) Won The Toss And Elected To Field, Won The Toss And Elected To Field,1,243/9 (50.0 Ov),72/10 (22.1 Ov),,2024-08-18 13:20:00,Queensland,,,,,,,,0,0,0,0,230,Australia A (Women),,,,,148,India A (Women),Asia/Kolkata,18 Aug 2024,23:30,50,0,ODI,3,,India A Women Tour Of Australia One Day Series 2024,,,,India A (Women) Won by 171 Runs ,https://scores.bcci.tv/matchcentre/teamlogos/exxrHiweo31722943975BCCI.png,https://scores.bcci.tv/matchcentre/teamlogos/7CULHqQdTT1722943854Aus.png,https://scores.bcci.tv/matchcentre/teamlogos/7CULHqQdTT1722943854Aus.png,https://scores.bcci.tv/matchcentre/teamlogos/exxrHiweo31722943975BCCI.png,0,+9.5,2024-100mb00000003366-d339291e5d0e11,Lilly Mills,0,8,0,0,0.0,https://scores.bcci.tv/matchcentre/playerimages/,2024-100mb00000003350-396dc64e53e811,Grace Parsons,0,2,0,0,0.0,https://scores.bcci.tv/matchcentre/playerimages/,2023-100mb00000001909-e56bb657b38a11,Minnu Mani,2.1,4,0,2,1.85,6.5,https://scores.bcci.tv/matchcentre/playerimages/,,,72.17,2,243/9 (50.0 Overs),243,9,50.0,4.86,72/10 (22.1 Overs),72,10,22.1,3.25,,,,,,,,,,,,,,,,,,,,,2,,,,,,,,,148,3rd OD,,,3,162,0,0,,,,-,-,-,-,,,,,,,
174,1619,6,Multi Day,Post,2024-08-22,22 Aug 2024,Australia A (Women) vs India A (Women),09:30,23:30 GMT,2024-08-21,230,Australia A (Women),148,India A (Women),AUS-AW,IND-AW,140,Kerrydale Oval,Australia A (Women) Won by 45 Runs ,Australia A (Women),Australia A (Women) Won The Toss And Elected To Bat, Won The Toss And Elected To Bat,1,212/10 (65.5 Ov) & 260/10 (92.0 Ov),184/10 (73.1 Ov) & 243/10 (92.5 Ov),,2024-08-22 09:30:00,Gold Coast,,,,,,,,54,596,0,230,230,Australia A (Women),,,,,148,India A (Women),Asia/Kolkata,25 Aug 2024,17:30,90,0,Test,1,,India A Women Tour Of Australia Only Unofficial Test 2024,Simon A Lightbody,Drew Crozier,,Australia A (Women) Won by 45 Runs ,https://scores.bcci.tv/matchcentre/teamlogos/7CULHqQdTT1722943854Aus.png,https://scores.bcci.tv/matchcentre/teamlogos/exxrHiweo31722943975BCCI.png,https://scores.bcci.tv/matchcentre/teamlogos/7CULHqQdTT1722943854Aus.png,https://scores.bcci.tv/matchcentre/teamlogos/exxrHiweo31722943975BCCI.png,0,+9.5,2024-100mb00000003099-98f92a06cf3411,Sayali Satghare,21,36,2,1,58.33,https://scores.bcci.tv/matchcentre/playerimages/,2024-100mb00000003091-12eb130dca7011,Priya Mishra,4,20,1,0,20.0,https://scores.bcci.tv/matchcentre/playerimages/,2024-100mb00000003348-e90e067353e711,Charli Knott,17.5,34,4,3,1.91,35.66,https://scores.bcci.tv/matchcentre/playerimages/,,,100.79,4,212/10 (65.5 Overs),212,10,65.5,3.22,184/10 (73.1 Overs),184,10,73.1,2.51,260/10 (92.0 Overs),260,10,92.0,2.83,243/10 (92.5 Overs),243,10,92.5,2.62,,,,,,,,,,,2,230,Australia A (Women),148,India A (Women),,,,,230,TEST,,,1,0,0,0,,,,-,-,-,-,,,,,,,
188,1678,11,T20 WarmUp Practice,Post,2024-09-29,29 Sep 2024,India (Women) vs West Indies (Women),18:00,14:00 GMT,2024-09-29,52,India (Women),75,West Indies (Women),INDW,WIW,123,ICC Academy Ground No 2,India (Women) Won by 20 Runs ,West Indies (Women),West Indies (Women) Won The Toss And Elected To Field, Won The Toss And Elected To Field,1,141/8 (20.0 Ov),121/8 (20.0 Ov),,2024-09-29 18:00:00,Dubai,,,,,,,,481,504,0,0,52,India (Women),,,,,75,West Indies (Women),Asia/Dubai,29 Sep 2024,22:30,20,0,Warm Up Practice Match,2,,Icc Womens T20 World Cup Warm Up Matches 2024,Eloise Sheridan,Sarah Dambanevana,,India (Women) Won by 20 Runs ,https://scores.bcci.tv/matchcentre/teamlogos/india.png,https://scores.bcci.tv/matchcentre/teamlogos/SYHtaZYFdz1729664662WI.png,https://scores.bcci.tv/matchcentre/teamlogos/india.png,https://scores.bcci.tv/matchcentre/teamlogos/SYHtaZYFdz1729664662WI.png,0,+9.5,2023-100mb00000001928-e5758770b39011,Shreyanka Patil,4,1,1,0,400.0,https://scores.bcci.tv/matchcentre/playerimages/Mqd4u2MC4K17276908851928.png,934e9959231c4ca3b118005cdbee4e8,Deepti Sharma,13,8,2,0,162.5,https://scores.bcci.tv/matchcentre/playerimages/RgCnCxxZg61727690988395.png,2024-100mb00000003434-e984713a7a6811,Ashmini Munisar,4.0,33,0,1,8.25,24.0,https://scores.bcci.tv/matchcentre/playerimages/eUxzfzWphg17277768863434.png,,,,2,141/8 (20.0 Overs),141,8,20.0,7.05,121/8 (20.0 Overs),121,8,20.0,6.05,,,,,,,,,,,,,,,,,,,,,2,,,,,,,,,52,Warm Up Practice Match,,,2,121,0,0,,,,-,-,-,-,,,18:30 GMT,2024-09-29,,,
188,1679,11,T20 WarmUp Practice,Post,2024-10-01,1 Oct 2024,South Africa (Women) vs India (Women),18:00,14:00 GMT,2024-10-01,52,India (Women),54,South Africa (Women),INDW,SAW,122,ICC Academy Ground,India (Women) Won by 28 Runs ,South Africa (Women),South Africa (Women) Won The Toss And Elected To Field, Won The Toss And Elected To Field,1,144/7 (20.0 Ov),116/6 (20.0 Ov),,2024-10-01 18:00:00,Dubai,,,,,,,,0,0,0,0,54,South Africa (Women),,,,,52,India (Women),Asia/Dubai,1 Oct 2024,22:30,20,0,Warm Up Practice Match,4,,Icc Womens T20 World Cup Warm Up Matches 2024,,,,India (Women) Won by 28 Runs ,https://scores.bcci.tv/matchcentre/teamlogos/india.png,https://scores.bcci.tv/matchcentre/teamlogos/tY4UgfmAqX1729664332South-Africa.png,https://scores.bcci.tv/matchcentre/teamlogos/tY4UgfmAqX1729664332South-Africa.png,https://scores.bcci.tv/matchcentre/teamlogos/india.png,0,+9.5,2023-100mb00000001709-f1da89c196ff11,Annerie Dercksen,21,16,3,0,131.25,https://scores.bcci.tv/matchcentre/playerimages/KDQ365iQMr17276996901709.png,2022-100mb00000000947-7fbbe0469a0411,Sinalo Jafta,4,8,0,0,50.0,https://scores.bcci.tv/matchcentre/playerimages/FxJHSkvApC1727699937947.png,2023-100mb00000001928-e5758770b39011,Shreyanka Patil,3.0,21,0,1,7.0,18.0,https://scores.bcci.tv/matchcentre/playerimages/Mqd4u2MC4K17276908851928.png,,,,2,144/7 (20.0 Overs),144,7,20.0,7.2,116/6 (20.0 Overs),116,6,20.0,5.8,,,,,,,,,,,,,,,,,,,,,2,,,,,,,,,52,Warm Up Practice Match,,,4,116,0,0,,,,-,-,-,-,,,18:30 GMT,2024-10-01,,,
153,1494,8,T20 (N),Post,2024-10-04,4 Oct 2024,India (Women) vs New Zealand (Women),18:00,14:00 GMT,2024-10-04,73,New Zealand (Women),52,India (Women),NZW,INDW,51,Dubai International Cricket Stadium,New Zealand (Women) Won by 58  Runs ,New Zealand (Women),New Zealand (Women) Won The Toss And Elected To Bat, Won The Toss And Elected To Bat,1,160/4 (20.0 Ov),102/10 (19.0 Ov),,2024-10-04 18:00:00,Dubai,,,,,,,,494,6,196,114,52,India (Women),,,,,73,New Zealand (Women),Asia/Dubai,4 Oct 2024,23:59,20,0,T20,2,,Icc Womens T20 World Cup 2024,Anna Harris,Jacqueline Williams,Claire Polosak,New Zealand (Women) Won by 58  Runs ,https://scores.bcci.tv/matchcentre/teamlogos/new_zealand.png,https://scores.bcci.tv/matchcentre/teamlogos/india.png,https://scores.bcci.tv/matchcentre/teamlogos/india.png,https://scores.bcci.tv/matchcentre/teamlogos/new_zealand.png,0,+9.5,2022-100mb00000000888-48b089d388b911,Renuka Singh,0,1,0,0,0.0,https://scores.bcci.tv/matchcentre/playerimages/zr57kOzW041728301097888.png,2023-100mb00000001920-1e6c1fc5b39011,Sobhana Asha,6,10,0,0,60.0,https://scores.bcci.tv/matchcentre/playerimages/nKSsokcxWs17283008631920.png,2022-100mb00000000901-76b8cd0d88be11,Rosemary Mair,4.0,19,0,4,4.75,6.0,https://scores.bcci.tv/matchcentre/playerimages/Z3cRG4h6a31728014471901.png,,,,2,160/4 (20.0 Overs),160,4,20.0,8,102/10 (19.0 Overs),102,10,19.0,5.37,,,,,,,,,,,,,,,,,,,,,2,,,,,,,,,73,T20I,,,2,107,0,0,Sophie Devine,,890,57,36,-,-,https://scores.bcci.tv/matchcentre/playerimages/JMzAE9XTtb1728014411890.png,,19:59 GMT,2024-10-04,,,
153,1495,8,T20 (N),Post,2024-10-06,6 Oct 2024,India (Women) vs Pakistan (Women),14:00,10:00 GMT,2024-10-06,74,Pakistan (Women),52,India (Women),PAKW,INDW,51,Dubai International Cricket Stadium,India (Women) Won by 6  Wickets ,Pakistan (Women),Pakistan (Women) Won The Toss And Elected To Bat, Won The Toss And Elected To Bat,1,105/8 (20.0 Ov),108/4 (18.5 Ov),,2024-10-06 14:00:00,Dubai,,,,,,,,481,480,6,114,52,India (Women),,,,,74,Pakistan (Women),Asia/Dubai,6 Oct 2024,22:00,20,0,T20,4,,Icc Womens T20 World Cup 2024,Eloise Sheridan,Lauren Agenbag,Jacqueline Williams,India (Women) Won by 6  Wickets ,https://scores.bcci.tv/matchcentre/teamlogos/v0FFav09Bh1686738723pakistan.png,https://scores.bcci.tv/matchcentre/teamlogos/india.png,https://scores.bcci.tv/matchcentre/teamlogos/india.png,https://scores.bcci.tv/matchcentre/teamlogos/v0FFav09Bh1686738723pakistan.png,0,+9.5,2024-100mb00000003092-8cb56a3fca7211,Sajeevan Sajana,4,1,1,0,400.0,https://scores.bcci.tv/matchcentre/playerimages/OW9u9O1j0q17276912503092.png,934e9959231c4ca3b118005cdbee4e8,Deepti Sharma,7,8,0,0,87.5,https://scores.bcci.tv/matchcentre/playerimages/a9L4KHsPvu1728300907395.png,2022-100mb00000000924-a85d5e5f99ed11,Nida Dar,1.5,10,0,0,5.45,0.0,https://scores.bcci.tv/matchcentre/playerimages/5YUS1D2fCx1727776712924.png,,,,2,105/8 (20.0 Overs),105,8,20.0,5.25,108/4 (18.5 Overs),108,4,18.5,5.73,,,,,,,,,,,,,,,,,,,,,2,,,,,,,,,52,T20I,,,4,114,0,0,Arundhati Reddy,,391,-,-,3,19,https://scores.bcci.tv/matchcentre/playerimages/9uRQvYSKHy1727691592391.png,,18:00 GMT,2024-10-06,,,
153,1496,8,T20 (N),Post,2024-10-09,9 Oct 2024,India (Women) vs Sri Lanka (Women),18:00,14:00 GMT,2024-10-09,52,India (Women),83,Sri Lanka (Women),INDW,SLW,51,Dubai International Cricket Stadium,India (Women) Won by 82  Runs ,India (Women),India (Women) Won The Toss And Elected To Bat, Won The Toss And Elected To Bat,1,172/3 (20.0 Ov),90/10 (19.5 Ov),,2024-10-09 18:00:00,Dubai,,,,,,,,312,480,0,114,52,India (Women),,,,,83,Sri Lanka (Women),Asia/Dubai,9 Oct 2024,23:59,20,0,T20,5,,Icc Womens T20 World Cup 2024,KN Ramesh,Lauren Agenbag,,India (Women) Won by 82  Runs ,https://scores.bcci.tv/matchcentre/teamlogos/india.png,https://scores.bcci.tv/matchcentre/teamlogos/srilanka.png?v=2,https://scores.bcci.tv/matchcentre/teamlogos/india.png,https://scores.bcci.tv/matchcentre/teamlogos/srilanka.png?v=2,0,+9.5,2022-100mb00000001206-fae90901f0a911,Udeshika Prabodhani,9,17,0,0,52.94,https://scores.bcci.tv/matchcentre/playerimages/ePRNT18cCz17279361151206.png,2022-100mb00000001208-52ad8513f0aa11,Inoka Ranaweera,2,5,0,0,40.0,https://scores.bcci.tv/matchcentre/playerimages/D0ZpMrVFba17279361391208.png,934e9959231c4ca3b118005cdbee4e8,Deepti Sharma,3.5,16,0,1,4.17,23.0,https://scores.bcci.tv/matchcentre/playerimages/a9L4KHsPvu1728300907395.png,,,,2,172/3 (20.0 Overs),172,3,20.0,8.6,90/10 (19.5 Overs),90,10,19.5,4.54,,,,,,,,,,,,,,,,,,,,,2,,,,,,,,,52,T20I,,,5,90,0,0,Harmanpreet Kaur,Batting,387,52,27,-,-,https://scores.bcci.tv/matchcentre/playerimages/xsuwaa9he61728300890387.png,,19:59 GMT,2024-10-09,,,
153,1497,8,T20 (N),Post,2024-10-13,13 Oct 2024,India (Women) vs Australia (Women),18:00,14:00 GMT,2024-10-13,55,Australia (Women),52,India (Women),AUSW,INDW,52, Sharjah Cricket Stadium,Australia (Women) Won by 9  Runs ,Australia (Women),Australia (Women) Won The Toss And Elected To Bat, Won The Toss And Elected To Bat,1,151/8 (20.0 Ov),142/9 (20.0 Ov),,2024-10-13 18:00:00, Sharjah,,,,,,,,471,479,6,114,52,India (Women),,,,,55,Australia (Women),Asia/Dubai,13 Oct 2024,23:59,20,0,T20,7,,Icc Womens T20 World Cup 2024,Kim Cotton,Sue Redfern,Jacqueline Williams,Australia (Women) Won by 9  Runs ,https://scores.bcci.tv/matchcentre/teamlogos/aus.png?v=6,https://scores.bcci.tv/matchcentre/teamlogos/india.png,https://scores.bcci.tv/matchcentre/teamlogos/india.png,https://scores.bcci.tv/matchcentre/teamlogos/aus.png?v=6,0,+9.5,2022-100mb00000000888-48b089d388b911,Renuka Singh,1,1,0,0,100.0,https://scores.bcci.tv/matchcentre/playerimages/zr57kOzW041728301097888.png,45e022a459e64a3eb0391acc0db5efa,Harmanpreet Kaur,54,47,6,0,114.89,https://scores.bcci.tv/matchcentre/playerimages/xsuwaa9he61728300890387.png,2020023e04d64bd011ea9b3802322e7,Annabel Sutherland,4.0,22,0,2,5.5,12.0,https://scores.bcci.tv/matchcentre/playerimages/SsjzOKnRzd1728044247430.png,,,,2,151/8 (20.0 Overs),151,8,20.0,7.55,142/9 (20.0 Overs),142,9,20.0,7.1,,,,,,,,,,,,,,,,,,,,,2,,,,,,,,,55,T20I,,,7,142,0,0,Sophie Molineux,,427,0,1,2,32,https://scores.bcci.tv/matchcentre/playerimages/FDcvyEwpNH1728044209427.png,,19:59 GMT,2024-10-13,,,
193,1693,1,One Day D/N,Post,2024-10-24,24 Oct 2024,India (Women) vs New Zealand (Women),13:30,08:00 GMT,2024-10-24,52,India (Women),73,New Zealand (Women),INDW,NZW,55,Narendra Modi Stadium,India (Women) Won by 59  Runs ,India (Women),India (Women) Won The Toss And Elected To Bat, Won The Toss And Elected To Bat,1,227/10 (44.3 Ov),168/10 (40.4 Ov),,2024-10-24 13:30:00,Ahmedabad,,,,,,,,196,261,485,229,52,India (Women),,,,,73,New Zealand (Women),Asia/Kolkata,24 Oct 2024,23:30,50,0,ODI,1,,New Zealand Women Tour Of India Odi Series 2024,Claire Polosak,Rohan Pandit,Gayathri Venugopalan,India (Women) Won by 59  Runs ,https://scores.bcci.tv/matchcentre/teamlogos/india.png,https://scores.bcci.tv/matchcentre/teamlogos/h7GtaaCnV51729663408NZ_Women.png,https://scores.bcci.tv/matchcentre/teamlogos/india.png,https://scores.bcci.tv/matchcentre/teamlogos/h7GtaaCnV51729663408NZ_Women.png,0,+9.5,2024-100mb00000003437-656574117bdb11,Eden Carson,0,1,0,0,0.0,https://scores.bcci.tv/matchcentre/playerimages/UB4QMnCMGY17296798493437.png,2022-100mb00000000899-40f4521488be11,Amelia Kerr,25,23,2,0,108.69,https://scores.bcci.tv/matchcentre/playerimages/UUSFpRY4Fy1729680020899.png,4e78f2e8c4854e419aedda1321ac7ad,Radha Yadav,8.4,35,0,3,4.04,17.33,https://scores.bcci.tv/matchcentre/playerimages/5uZPR9qrOk1729755250400.png,,,90.67,2,227/10 (44.3 Overs),227,10,44.3,5.1,168/10 (40.4 Overs),168,10,40.4,4.13,,,,,,,,,,,,,,,,,,,,,2,,,,,,,,,52,1st ODI,,,1,206,0,0,Deepti Sharma,Batting/Bowling,395,41,51,1,35,https://scores.bcci.tv/matchcentre/playerimages/NvZd2VOPf91729755233395.png,,18:00 GMT,2024-10-24,,,
193,1694,1,One Day D/N,Post,2024-10-27,27 Oct 2024,India (Women) vs New Zealand (Women),13:30,08:00 GMT,2024-10-27,73,New Zealand (Women),52,India (Women),NZW,INDW,55,Narendra Modi Stadium,New Zealand (Women) Won by 76  Runs ,New Zealand (Women),New Zealand (Women) Won The Toss And Elected To Bat, Won The Toss And Elected To Bat,1,259/9 (50.0 Ov),183/10 (47.1 Ov),,2024-10-27 13:30:00,Ahmedabad,,,,,,,,485,586,196,121,52,India (Women),,,,,73,New Zealand (Women),Asia/Kolkata,27 Oct 2024,23:30,50,0,ODI,2,,New Zealand Women Tour Of India Odi Series 2024,Gayathri Venugopalan,Vrinda Rathi,Claire Polosak,New Zealand (Women) Won by 76  Runs ,https://scores.bcci.tv/matchcentre/teamlogos/h7GtaaCnV51729663408NZ_Women.png,https://scores.bcci.tv/matchcentre/teamlogos/india.png,https://scores.bcci.tv/matchcentre/teamlogos/india.png,https://scores.bcci.tv/matchcentre/teamlogos/h7GtaaCnV51729663408NZ_Women.png,0,+9.5,4e78f2e8c4854e419aedda1321ac7ad,Radha Yadav,48,64,5,0,75.0,https://scores.bcci.tv/matchcentre/playerimages/5uZPR9qrOk1729755250400.png,2024-100mb00000003091-12eb130dca7011,Priya Mishra,0,7,0,0,0.0,https://scores.bcci.tv/matchcentre/playerimages/2TzjUHePKM17297551693091.png,2022-100mb00000000890-34faabb988bd11,Sophie Devine,7.1,27,0,3,3.77,14.33,https://scores.bcci.tv/matchcentre/playerimages/yBjunra3li1729679910890.png,,,97.17,2,259/9 (50.0 Overs),259,9,50.0,5.18,183/10 (47.1 Overs),183,10,47.1,3.88,,,,,,,,,,,,,,,,,,,,,2,,,,,,,,,73,2nd  ODI,,,2,194,0,0,Sophie Devine,,890,79,86,3,27,https://scores.bcci.tv/matchcentre/playerimages/yBjunra3li1729679910890.png,,18:00 GMT,2024-10-27,,,
193,1695,1,One Day D/N,Post,2024-10-29,29 Oct 2024,India (Women) vs New Zealand (Women),13:30,08:00 GMT,2024-10-29,73,New Zealand (Women),52,India (Women),NZW,INDW,55,Narendra Modi Stadium,India (Women) Won by 6   Wickets ,New Zealand (Women),New Zealand (Women) Won The Toss And Elected To Bat, Won The Toss And Elected To Bat,1,232/10 (49.5 Ov),236/4 (44.2 Ov),,2024-10-29 13:30:00,Ahmedabad,,,,,,,,196,586,261,121,52,India (Women),,,,,73,New Zealand (Women),Asia/Kolkata,29 Oct 2024,23:30,50,0,ODI,3,,New Zealand Women Tour Of India Odi Series 2024,Claire Polosak,Vrinda Rathi,Rohan Pandit,India (Women) Won by 6   Wickets ,https://scores.bcci.tv/matchcentre/teamlogos/h7GtaaCnV51729663408NZ_Women.png,https://scores.bcci.tv/matchcentre/teamlogos/india.png,https://scores.bcci.tv/matchcentre/teamlogos/india.png,https://scores.bcci.tv/matchcentre/teamlogos/h7GtaaCnV51729663408NZ_Women.png,0,+9.5,45e022a459e64a3eb0391acc0db5efa,Harmanpreet Kaur,59,63,6,0,93.65,https://scores.bcci.tv/matchcentre/playerimages/ypAUIKZ2Nr1729755203387.png,2024-100mb00000003352-acbd897b53e911,Tejal Hasabnis,0,3,0,0,0.0,https://scores.bcci.tv/matchcentre/playerimages/7jbG5vF8fx17297551943352.png,2022-100mb00000000890-34faabb988bd11,Sophie Devine,7.2,44,0,1,6.0,44.0,https://scores.bcci.tv/matchcentre/playerimages/yBjunra3li1729679910890.png,,,94.33,2,232/10 (49.5 Overs),232,10,49.5,4.66,236/4 (44.2 Overs),236,4,44.2,5.32,,,,,,,,,,,,,,,,,,,,,2,,,,,,,,,52,3rd  ODI,,,3,266,0,0,Smriti Mandhana,,401,100,122,-,-,https://scores.bcci.tv/matchcentre/playerimages/z2oP1wszSJ1729755260401.png,,18:00 GMT,2024-10-29,,,
187,1675,1,One Day D/N,Post,2024-12-05,5 Dec 2024,Australia (Women) vs India (Women),14:20,04:20 GMT,2024-12-05,52,India (Women),55,Australia (Women),INDW,AUSW,138,Allan Border Field,Australia (Women) Won by 5  Wickets ,India (Women),India (Women) Won The Toss And Elected To Bat, Won The Toss And Elected To Bat,1,100/10 (34.2 Ov),102/5 (16.2 Ov),,2024-12-05 14:20:00,Brisbane,,,,,,,,322,6,196,234,55,Australia (Women),,,,,52,India (Women),Asia/Kolkata,5 Dec 2024,23:30,50,0,ODI,1,,India Women Tour Of Australia Odi Series 2024,Donovan Koch,Jacqueline Williams,Claire Polosak,Australia (Women) Won by 5  Wickets ,https://scores.bcci.tv/matchcentre/teamlogos/india.png,https://scores.bcci.tv/matchcentre/teamlogos/CqCDnjhh7Y1729662126Australia.png,https://scores.bcci.tv/matchcentre/teamlogos/CqCDnjhh7Y1729662126Australia.png,https://scores.bcci.tv/matchcentre/teamlogos/india.png,0,+9.5,2022-100mb00000000968-0f3b7a899a1511,Tahlia Mcgrath,4,2,1,0,200.0,https://scores.bcci.tv/matchcentre/playerimages/Hr1cYnrVlv1733402341968.png,2024-100mb00000003368-115867da5f7811,Georgia Voll,46,42,6,1,109.52,https://scores.bcci.tv/matchcentre/playerimages/VNhB8WGfMd17336182603368.png,2022-100mb00000001652-8fe890797f7211,Titas Sadhu,4.2,27,0,0,6.23,0.0,https://scores.bcci.tv/matchcentre/playerimages/UuxFJNnNeI17332956141652.png,,,66.33,2,100/10 (34.2 Overs),100,10,34.2,2.91,102/5 (16.2 Overs),102,5,16.2,6.24,,,,,,,,,,,,,,,,,,,,,2,,,,,,,,,55,1st ODI,,,1,312,0,0,Megan Schutt,,424,-,-,5,19,https://scores.bcci.tv/matchcentre/playerimages/82nC5iLp1V1733402272424.png,,13:30 GMT,2024-12-05,,,
187,1676,3,One Day,Post,2024-12-08,8 Dec 2024,Australia (Women) vs India (Women),09:45,23:45 GMT,2024-12-07,55,Australia (Women),52,India (Women),AUSW,INDW,138,Allan Border Field,Australia (Women) Won by 122  Runs ,Australia (Women),Australia (Women) Won The Toss And Elected To Bat, Won The Toss And Elected To Bat,1,371/8 (50.0 Ov),249/10 (44.5 Ov),,2024-12-08 09:45:00,Brisbane,,,,,,,,0,0,0,0,55,Australia (Women),,,,,52,India (Women),Asia/Kolkata,8 Dec 2024,17:30,50,0,ODI,2,,India Women Tour Of Australia Odi Series 2024,,,,Australia (Women) Won by 122  Runs ,https://scores.bcci.tv/matchcentre/teamlogos/CqCDnjhh7Y1729662126Australia.png,https://scores.bcci.tv/matchcentre/teamlogos/india.png,https://scores.bcci.tv/matchcentre/teamlogos/CqCDnjhh7Y1729662126Australia.png,https://scores.bcci.tv/matchcentre/teamlogos/india.png,0,+9.5,2024-100mb00000003091-12eb130dca7011,Priya Mishra,5,14,0,0,35.71,https://scores.bcci.tv/matchcentre/playerimages/hbM9SrILvE17332957463091.png,2023-100mb00000001909-e56bb657b38a11,Minnu Mani,46,45,4,0,102.22,https://scores.bcci.tv/matchcentre/playerimages/hrcaLsXxDr17332956321909.png,2020023e04d64bd011ea9b3802322e7,Annabel Sutherland,8.5,39,0,4,4.42,13.25,https://scores.bcci.tv/matchcentre/playerimages/W1xqqm73XG1733402312430.png,,,100,2,371/8 (50.0 Overs),371,8,50.0,7.42,249/10 (44.5 Overs),249,10,44.5,5.55,,,,,,,,,,,,,,,,,,,,,2,,,,,,,,,55,2nd  ODI,,,2,277,0,0,Ellyse Perry,,426,105,75,-,-,https://scores.bcci.tv/matchcentre/playerimages/qCXFbXUwDt1733402282426.png,,07:30 GMT,2024-12-08,,,
187,1677,1,One Day D/N,Post,2024-12-11,11 Dec 2024,Australia (Women) vs India (Women),12:20,04:20 GMT,2024-12-11,55,Australia (Women),52,India (Women),AUSW,INDW,5,WACA Ground,Australia (Women) Won by 83  Runs ,India (Women),India (Women) Won The Toss And Elected To Field, Won The Toss And Elected To Field,1,298/6 (50.0 Ov),215/10 (45.1 Ov),,2024-12-11 12:20:00,Perth,,,,,,,,0,0,0,0,55,Australia (Women),,,,,52,India (Women),Asia/Kolkata,11 Dec 2024,22:30,50,0,ODI,3,,India Women Tour Of Australia Odi Series 2024,,,,Australia (Women) Won by 83  Runs ,https://scores.bcci.tv/matchcentre/teamlogos/CqCDnjhh7Y1729662126Australia.png,https://scores.bcci.tv/matchcentre/teamlogos/india.png,https://scores.bcci.tv/matchcentre/teamlogos/CqCDnjhh7Y1729662126Australia.png,https://scores.bcci.tv/matchcentre/teamlogos/india.png,0,+9.5,2022-100mb00000001652-8fe890797f7211,Titas Sadhu,3,15,0,0,20.0,https://scores.bcci.tv/matchcentre/playerimages/UuxFJNnNeI17332956141652.png,2022-100mb00000000888-48b089d388b911,Renuka Singh,8,12,1,0,66.66,https://scores.bcci.tv/matchcentre/playerimages/2ZEntLxtBU1733295933888.png,2022-100mb00000000967-f66b248c9a1411,Alana King,4.1,27,0,2,6.48,12.5,https://scores.bcci.tv/matchcentre/playerimages/ykFdRYYDNN1733402329967.png,,,95.17,2,298/6 (50.0 Overs),298,6,50.0,5.96,215/10 (45.1 Overs),215,10,45.1,4.76,,,,,,,,,,,,,,,,,,,,,2,,,,,,,,,55,3rd  ODI,,,3,238,0,0,Annabel Sutherland,,430,110,95,1,34,https://scores.bcci.tv/matchcentre/playerimages/W1xqqm73XG1733402312430.png,,14:30 GMT,2024-12-11,,,
199,1730,8,T20 (N),Post,2024-12-15,15 Dec 2024,India (Women) vs West Indies (Women),19:00,13:30 GMT,2024-12-15,52,India (Women),75,West Indies (Women),INDW,WIW,69,DY Patil Stadium,India (Women) Won by 49 Runs ,West Indies (Women),West Indies (Women) Won The Toss And Elected To Field, Won The Toss And Elected To Field,1,195/4 (20.0 Ov),146/7 (20.0 Ov),,2024-12-15 19:00:00,NAVI MUMBAI,,,,,,,,481,583,0,87,52,India (Women),,,,,75,West Indies (Women),Asia/Kolkata,15 Dec 2024,23:59,20,0,T20,1,,West Indies Women Tour Of India T20I Series 2024,Eloise Sheridan,Kaushik Gandhi,,India (Women) Won by 49 Runs ,https://scores.bcci.tv/matchcentre/teamlogos/india.png,https://scores.bcci.tv/matchcentre/teamlogos/SYHtaZYFdz1729664662WI.png,https://scores.bcci.tv/matchcentre/teamlogos/india.png,https://scores.bcci.tv/matchcentre/teamlogos/SYHtaZYFdz1729664662WI.png,0,+9.5,2023-100mb00000001714-6b16a9e8970011,Shabika Gajnabi,15,19,0,0,78.94,https://scores.bcci.tv/matchcentre/playerimages/tquFTmp6q117341754131714.png,2024-100mb00000003433-c4229a137a6811,Mandy Mangru,2,3,0,0,66.66,https://scores.bcci.tv/matchcentre/playerimages/oaJxZQgPGP17341754403433.png,2024-100mb00000003096-c3bc34caca7711,Saima Thakor,4.0,35,0,0,8.75,0.0,https://scores.bcci.tv/matchcentre/playerimages/PaxyeGp67c17341969063096.png,,,,2,195/4 (20.0 Overs),195,4,20.0,9.75,146/7 (20.0 Overs),146,7,20.0,7.3,,,,,,,,,,,,,,,,,,,,,2,,,,,,,,,52,1st T20I,,,1,146,0,0,Jemimah Rodrigues,,388,73,35,-,-,https://scores.bcci.tv/matchcentre/playerimages/ooChVkdZ3m1734196983388.png,,18:29 GMT,2024-12-15,,,
199,1731,8,T20 (N),Post,2024-12-17,17 Dec 2024,India (Women) vs West Indies (Women),19:00,13:30 GMT,2024-12-17,52,India (Women),75,West Indies (Women),INDW,WIW,69,DY Patil Stadium,West Indies (Women) Won by 9  Wickets ,West Indies (Women),West Indies (Women) Won The Toss And Elected To Field, Won The Toss And Elected To Field,1,159/9 (20.0 Ov),160/1 (15.4 Ov),,2024-12-17 19:00:00,NAVI MUMBAI,,,,,,,,583,313,481,87,52,India (Women),,,,,75,West Indies (Women),Asia/Kolkata,17 Dec 2024,23:59,20,0,T20,2,,West Indies Women Tour Of India T20I Series 2024,Kaushik Gandhi,Mohit Krishna Das,Eloise Sheridan,West Indies (Women) Won by 9  Wickets ,https://scores.bcci.tv/matchcentre/teamlogos/india.png,https://scores.bcci.tv/matchcentre/teamlogos/SYHtaZYFdz1729664662WI.png,https://scores.bcci.tv/matchcentre/teamlogos/india.png,https://scores.bcci.tv/matchcentre/teamlogos/SYHtaZYFdz1729664662WI.png,0,+9.5,2022-100mb00000000918-aceee78099e611,Hayley Matthews,85,47,17,0,180.85,https://scores.bcci.tv/matchcentre/playerimages/ZYNXIU6HW21734175593918.png,2022-100mb00000000911-7e31c0b099e511,Shemaine Campbelle,29,26,4,0,111.53,https://scores.bcci.tv/matchcentre/playerimages/AioemNVOgh1734175533911.png,2024-100mb00000003092-8cb56a3fca7211,Sajeevan Sajana,2.4,17,0,0,6.38,0.0,https://scores.bcci.tv/matchcentre/playerimages/Wyw7q5OcXp17341968943092.png,,,,2,159/9 (20.0 Overs),159,9,20.0,7.95,160/1 (15.4 Overs),160,1,15.4,10.21,,,,,,,,,,,,,,,,,,,,,2,,,,,,,,,75,2nd  T20I,,,2,204,0,0,Hayley Matthews,,918,85,47,2,36,https://scores.bcci.tv/matchcentre/playerimages/ZYNXIU6HW21734175593918.png,,18:29 GMT,2024-12-17,,,
199,1732,8,T20 (N),Post,2024-12-19,19 Dec 2024,India (Women) vs West Indies (Women),19:00,13:30 GMT,2024-12-19,52,India (Women),75,West Indies (Women),INDW,WIW,69,DY Patil Stadium,India (Women) Won by 60  Runs ,West Indies (Women),West Indies (Women) Won The Toss And Elected To Field, Won The Toss And Elected To Field,1,217/4 (20.0 Ov),157/9 (20.0 Ov),,2024-12-19 19:00:00,NAVI MUMBAI,,,,,,,,481,313,583,87,52,India (Women),,,,,75,West Indies (Women),Asia/Kolkata,19 Dec 2024,23:59,20,0,T20,3,,West Indies Women Tour Of India T20I Series 2024,Eloise Sheridan,Mohit Krishna Das,Kaushik Gandhi,India (Women) Won by 60  Runs ,https://scores.bcci.tv/matchcentre/teamlogos/india.png,https://scores.bcci.tv/matchcentre/teamlogos/SYHtaZYFdz1729664662WI.png,https://scores.bcci.tv/matchcentre/teamlogos/india.png,https://scores.bcci.tv/matchcentre/teamlogos/SYHtaZYFdz1729664662WI.png,0,+9.5,2022-100mb00000000914-f8ef291699e511,Afy Fletcher,5,7,0,0,71.42,https://scores.bcci.tv/matchcentre/playerimages/xOzoj7zdOg1734175567914.png,2022-100mb00000000920-ee4171ff99e611,Karishma Ramharack,3,6,0,0,50.0,https://scores.bcci.tv/matchcentre/playerimages/7EblHD2yCU1734175604920.png,934e9959231c4ca3b118005cdbee4e8,Deepti Sharma,4.0,31,0,1,7.75,24.0,https://scores.bcci.tv/matchcentre/playerimages/tO1DZcg4FW1734196992395.png,,,,2,217/4 (20.0 Overs),217,4,20.0,10.85,157/9 (20.0 Overs),157,9,20.0,7.85,,,,,,,,,,,,,,,,,,,,,2,,,,,,,,,52,3rd  T20I,,,3,157,0,0,Richa Ghosh,,399,54,21,-,-,https://scores.bcci.tv/matchcentre/playerimages/6nK8aIy8Et1734197039399.png,,18:29 GMT,2024-12-19,,,
200,1733,1,One Day D/N,Post,2024-12-22,22 Dec 2024,India (Women) vs West Indies (Women),13:30,08:00 GMT,2024-12-22,52,India (Women),75,West Indies (Women),INDW,WIW,152,Kotambi Stadium,India (Women) Won by 211  Runs ,West Indies (Women),West Indies (Women) Won The Toss And Elected To Field, Won The Toss And Elected To Field,1,314/9 (50.0 Ov),103/10 (26.2 Ov),,2024-12-22 13:30:00,Vadodara,,,,,,,,481,598,221,92,52,India (Women),,,,,75,West Indies (Women),Asia/Kolkata,22 Dec 2024,23:59,50,0,ODI,1,,West Indies Women Tour Of India Odi Series 2024,Eloise Sheridan,Kannur Swaroopanand,Madanagopal Jayaraman,India (Women) Won by 211  Runs ,https://scores.bcci.tv/matchcentre/teamlogos/india.png,https://scores.bcci.tv/matchcentre/teamlogos/SYHtaZYFdz1729664662WI.png,https://scores.bcci.tv/matchcentre/teamlogos/india.png,https://scores.bcci.tv/matchcentre/teamlogos/SYHtaZYFdz1729664662WI.png,0,+9.5,2022-100mb00000000912-a613634399e511,Shamilia Connell,8,7,1,0,114.28,https://scores.bcci.tv/matchcentre/playerimages/e4mm5CYWT21734671851912.png,2022-100mb00000000914-f8ef291699e511,Afy Fletcher,24,22,3,0,109.09,https://scores.bcci.tv/matchcentre/playerimages/W6YngQxZmy1734671871914.png,2024-100mb00000003091-12eb130dca7011,Priya Mishra,4.2,22,0,2,5.08,13.0,https://scores.bcci.tv/matchcentre/playerimages/dKlZLzWlaK17350204283091.png,,,76.33,2,314/9 (50.0 Overs),314,9,50.0,6.28,103/10 (26.2 Overs),103,10,26.2,3.91,,,,,,,,,,,,,,,,,,,,,2,,,,,,,,,52,1st ODI,,,1,195,0,0,Renuka Singh,,888,0,2,5,29,https://scores.bcci.tv/matchcentre/playerimages/f7YAbVK3li1735020521888.png,,18:29 GMT,2024-12-22,,,
200,1734,1,One Day D/N,Post,2024-12-24,24 Dec 2024,India (Women) vs West Indies (Women),13:30,08:00 GMT,2024-12-24,52,India (Women),75,West Indies (Women),INDW,WIW,152,Kotambi Stadium,India (Women) Won by 115  Runs ,India (Women),India (Women) Won The Toss And Elected To Bat, Won The Toss And Elected To Bat,1,358/5 (50.0 Ov),243/10 (46.2 Ov),,2024-12-24 13:30:00,Vadodara,,,,,,,,221,598,481,92,52,India (Women),,,,,75,West Indies (Women),Asia/Kolkata,24 Dec 2024,23:59,50,0,ODI,2,,West Indies Women Tour Of India Odi Series 2024,Madanagopal Jayaraman,Kannur Swaroopanand,Eloise Sheridan,India (Women) Won by 115  Runs ,https://scores.bcci.tv/matchcentre/teamlogos/india.png,https://scores.bcci.tv/matchcentre/teamlogos/SYHtaZYFdz1729664662WI.png,https://scores.bcci.tv/matchcentre/teamlogos/india.png,https://scores.bcci.tv/matchcentre/teamlogos/SYHtaZYFdz1729664662WI.png,0,+9.5,2022-100mb00000000920-ee4171ff99e611,Karishma Ramharack,3,3,0,0,100.0,https://scores.bcci.tv/matchcentre/playerimages/4cnuGlEXeh1734671901920.png,2022-100mb00000000912-a613634399e511,Shamilia Connell,4,1,1,0,400.0,https://scores.bcci.tv/matchcentre/playerimages/e4mm5CYWT21734671851912.png,2024-100mb00000003091-12eb130dca7011,Priya Mishra,9.2,49,0,3,5.25,18.66,https://scores.bcci.tv/matchcentre/playerimages/dKlZLzWlaK17350204283091.png,,,96.33,2,358/5 (50.0 Overs),358,5,50.0,7.16,243/10 (46.2 Overs),243,10,46.2,5.24,,,,,,,,,,,,,,,,,,,,,2,,,,,,,,,52,2nd  ODI,,,2,262,0,0,Harleen Deol,,389,115,103,-,-,https://scores.bcci.tv/matchcentre/playerimages/RKsjqZMGKG1735020483389.png,,18:29 GMT,2024-12-24,,,
200,1735,1,One Day D/N,Post,2024-12-27,27 Dec 2024,India (Women) vs West Indies (Women),09:30,04:00 GMT,2024-12-27,75,West Indies (Women),52,India (Women),WIW,INDW,152,Kotambi Stadium,India (Women) Won by 5  Wickets ,West Indies (Women),West Indies (Women) Won The Toss And Elected To Bat, Won The Toss And Elected To Bat,1,162/10 (38.5 Ov),167/5 (28.2 Ov),,2024-12-27 09:30:00,Vadodara,,,,,,,,481,598,221,92,52,India (Women),,,,,75,West Indies (Women),Asia/Kolkata,27 Dec 2024,23:59,50,0,ODI,3,,West Indies Women Tour Of India Odi Series 2024,Eloise Sheridan,Kannur Swaroopanand,Madanagopal Jayaraman,India (Women) Won by 5  Wickets ,https://scores.bcci.tv/matchcentre/teamlogos/SYHtaZYFdz1729664662WI.png,https://scores.bcci.tv/matchcentre/teamlogos/india.png,https://scores.bcci.tv/matchcentre/teamlogos/india.png,https://scores.bcci.tv/matchcentre/teamlogos/SYHtaZYFdz1729664662WI.png,0,+9.5,20200f9bf4944bce11ea9b3802322e7,Richa Ghosh,23,11,1,3,209.09,https://scores.bcci.tv/matchcentre/playerimages/vSc9DmV2oN1735020503399.png,934e9959231c4ca3b118005cdbee4e8,Deepti Sharma,39,48,3,1,81.25,https://scores.bcci.tv/matchcentre/playerimages/si2gdeNoil1735020495395.png,2022-100mb00000000914-f8ef291699e511,Afy Fletcher,4.2,42,0,1,9.69,26.0,https://scores.bcci.tv/matchcentre/playerimages/W6YngQxZmy1734671871914.png,,,78.33,2,162/10 (38.5 Overs),162,10,38.5,4.17,167/5 (28.2 Overs),167,5,28.2,5.89,,,,,,,,,,,,,,,,,,,,,2,,,,,,,,,52,3rd  ODI,,,3,294,0,0,Deepti Sharma,,395,39,48,6,31,https://scores.bcci.tv/matchcentre/playerimages/si2gdeNoil1735020495395.png,,18:29 GMT,2024-12-27,,,
201,1736,3,One Day,Post,2025-01-10,10 Jan 2025,India (Women) vs Ireland (Women),11:00,05:30 GMT,2025-01-10,115,Ireland (Women),52,India (Women),IREW,INDW,40,Niranjan Shah Stadium,India (Women) Won by 6  Wickets ,Ireland (Women),Ireland (Women) Won The Toss And Elected To Bat, Won The Toss And Elected To Bat,1,238/7 (50.0 Ov),241/4 (34.3 Ov),,2025-01-10 11:00:00,Rajkot,,,,,,,,526,471,586,121,52,India (Women),,,,,115,Ireland (Women),Asia/Kolkata,10 Jan 2025,19:00,50,0,ODI,1,,Ireland Women'S Tour Of India Odi Series 2025,AKSHAY TOTRE,Kim Cotton,Vrinda Rathi,India (Women) Won by 6  Wickets ,https://scores.bcci.tv/matchcentre/teamlogos/X8Ry8YKChW1729662905Ireland.png,https://scores.bcci.tv/matchcentre/teamlogos/india.png,https://scores.bcci.tv/matchcentre/teamlogos/india.png,https://scores.bcci.tv/matchcentre/teamlogos/X8Ry8YKChW1729662905Ireland.png,0,+9.5,20200f9bf4944bce11ea9b3802322e7,Richa Ghosh,8,2,2,0,400.0,https://scores.bcci.tv/matchcentre/playerimages/lU0M663oZO1736484757399.png,2024-100mb00000003352-acbd897b53e911,Tejal Hasabnis,53,46,9,0,115.21,https://scores.bcci.tv/matchcentre/playerimages/17rdJl5d5I17364843343352.png,2023-100mb00000001781-c200a7afab8111,Georgina Dempsey,5.3,50,0,0,9.09,0.0,https://scores.bcci.tv/matchcentre/playerimages/7ysllXCNEt17364157311781.png,,,84.50,2,238/7 (50.0 Overs),238,7,50.0,4.76,241/4 (34.3 Overs),241,4,34.3,6.99,,,,,,,,,,,,,,,,,,,,,2,,,,,,,,,52,1st ODI,,,1,349,0,0,Pratika Rawal,,3664,89,96,0,14,https://scores.bcci.tv/matchcentre/playerimages/skujDqmJS217364846993664.png,,13:30 GMT,2025-01-10,,,
201,1737,3,One Day,Post,2025-01-12,12 Jan 2025,India (Women) vs Ireland (Women),11:00,05:30 GMT,2025-01-12,52,India (Women),115,Ireland (Women),INDW,IREW,40,Niranjan Shah Stadium,India (Women) Won by 116  Runs ,India (Women),India (Women) Won The Toss And Elected To Bat, Won The Toss And Elected To Bat,1,370/5 (50.0 Ov),254/7 (50.0 Ov),,2025-01-12 11:00:00,Rajkot,,,,,,,,87,586,471,121,52,India (Women),,,,,115,Ireland (Women),Asia/Kolkata,12 Jan 2025,19:00,50,0,ODI,2,,Ireland Women'S Tour Of India Odi Series 2025,Virender Kumar Sharma,Vrinda Rathi,Kim Cotton,India (Women) Won by 116  Runs ,https://scores.bcci.tv/matchcentre/teamlogos/india.png,https://scores.bcci.tv/matchcentre/teamlogos/X8Ry8YKChW1729662905Ireland.png,https://scores.bcci.tv/matchcentre/teamlogos/india.png,https://scores.bcci.tv/matchcentre/teamlogos/X8Ry8YKChW1729662905Ireland.png,0,+9.5,2023-100mb00000001781-c200a7afab8111,Georgina Dempsey,6,7,0,0,85.71,https://scores.bcci.tv/matchcentre/playerimages/7ysllXCNEt17364157311781.png,2023-100mb00000001790-daacd051ab8411,Leah Paul,27,22,3,0,122.72,https://scores.bcci.tv/matchcentre/playerimages/Izz9rKFte317364156031790.png,2022-100mb00000001652-8fe890797f7211,Titas Sadhu,10.0,48,0,1,4.8,60.0,https://scores.bcci.tv/matchcentre/playerimages/e1K10XJPSo17364842461652.png,,,99.83,2,370/5 (50.0 Overs),370,5,50.0,7.4,254/7 (50.0 Overs),254,7,50.0,5.08,,,,,,,,,,,,,,,,,,,,,2,,,,,,,,,52,2nd  ODI,,,2,254,0,0,Jemimah Rodrigues,,388,102,91,-,-,https://scores.bcci.tv/matchcentre/playerimages/pTLbSoaByc1736484709388.png,,13:30 GMT,2025-01-12,,,
201,1738,3,One Day,Post,2025-01-15,15 Jan 2025,India (Women) vs Ireland (Women),11:00,05:30 GMT,2025-01-15,52,India (Women),115,Ireland (Women),INDW,IREW,40,Niranjan Shah Stadium,India (Women) Won by 304  Runs ,India (Women),India (Women) Won The Toss And Elected To Bat, Won The Toss And Elected To Bat,1,435/5 (50.0 Ov),131/10 (31.4 Ov),,2025-01-15 11:00:00,Rajkot,,,,,,,,526,471,87,121,52,India (Women),,,,,115,Ireland (Women),Asia/Kolkata,15 Jan 2025,19:00,50,0,ODI,3,,Ireland Women'S Tour Of India Odi Series 2025,AKSHAY TOTRE,Kim Cotton,Virender Kumar Sharma,India (Women) Won by 304  Runs ,https://scores.bcci.tv/matchcentre/teamlogos/india.png,https://scores.bcci.tv/matchcentre/teamlogos/X8Ry8YKChW1729662905Ireland.png,https://scores.bcci.tv/matchcentre/teamlogos/india.png,https://scores.bcci.tv/matchcentre/teamlogos/X8Ry8YKChW1729662905Ireland.png,0,+9.5,2024-100mb00000003358-f8e8f1ab57f111,Freya Sargent,1,4,0,0,25.0,https://scores.bcci.tv/matchcentre/playerimages/cmMvfSvJoB17364156493358.png,2024-100mb00000003360-5a1572a157f311,Alana Dalzell,5,12,0,0,41.66,https://scores.bcci.tv/matchcentre/playerimages/RGDUmiwkfy17364156713360.png,934e9959231c4ca3b118005cdbee4e8,Deepti Sharma,8.4,27,2,3,3.12,17.33,https://scores.bcci.tv/matchcentre/playerimages/geUApNWOx91736484739395.png,,,81.67,2,435/5 (50.0 Overs),435,5,50.0,8.7,131/10 (31.4 Overs),131,10,31.4,4.14,,,,,,,,,,,,,,,,,,,,,2,,,,,,,,,52,3rd  ODI,,,3,206,0,0,Pratika Rawal,,3664,154,129,-,-,https://scores.bcci.tv/matchcentre/playerimages/skujDqmJS217364846993664.png,,13:30 GMT,2025-01-15,,,
179,1633,2,T20,UpComing,2025-06-28,28 Jun 2025,England (Women) vs India (Women),11:00,10:00 GMT,2025-06-28,53,England (Women),52,India (Women),ENGW,INDW,32,Trent Bridge,,,,,0,,,,2025-06-28 11:00:00,Nottingham,,,,,,,,0,0,0,0,53,England (Women),,,,,52,India (Women),Asia/Kolkata,28 Jun 2025,23:59,20,0,T20,1,Women,India Women In England T20 Series 2025,,,,,https://scores.bcci.tv/matchcentre/teamlogos/xwbqvMolZz1729662687ECB.png,https://scores.bcci.tv/matchcentre/teamlogos/india.png,https://scores.bcci.tv/matchcentre/teamlogos/xwbqvMolZz1729662687ECB.png,https://scores.bcci.tv/matchcentre/teamlogos/india.png,0,+9.5,,,0,0,0,0,0.0,https://scores.bcci.tv/matchcentre/playerimages/,,,0,0,0,0,0.0,https://scores.bcci.tv/matchcentre/playerimages/,,,0,0,0,0,0.0,0.0,https://scores.bcci.tv/matchcentre/playerimages/,,,,,,,,,,,,,,,,,,,,,,,,,,,,,,,,,,,2,,,,,,,,,,1st T20I,,,1,,,,,,,-,-,-,-,-,,22:59 GMT,2025-06-28,"{'date': '2025-06-28 10:00:00.000000', 'timezone_type': 2, 'timezone': 'GMT'}",1751085000.0,12:00 PM
179,1634,2,T20,UpComing,2025-07-01,1 Jul 2025,England (Women) vs India (Women),11:00,10:00 GMT,2025-07-01,53,England (Women),52,India (Women),ENGW,INDW,22,Seat Unique Stadium,,,,,0,,,,2025-07-01 11:00:00,Bristol,,,,,,,,0,0,0,0,53,England (Women),,,,,52,India (Women),Asia/Kolkata,1 Jul 2025,23:59,20,0,T20,2,Women,India Women In England T20 Series 2025,,,,,https://scores.bcci.tv/matchcentre/teamlogos/xwbqvMolZz1729662687ECB.png,https://scores.bcci.tv/matchcentre/teamlogos/india.png,https://scores.bcci.tv/matchcentre/teamlogos/xwbqvMolZz1729662687ECB.png,https://scores.bcci.tv/matchcentre/teamlogos/india.png,0,+9.5,,,0,0,0,0,0.0,https://scores.bcci.tv/matchcentre/playerimages/,,,0,0,0,0,0.0,https://scores.bcci.tv/matchcentre/playerimages/,,,0,0,0,0,0.0,0.0,https://scores.bcci.tv/matchcentre/playerimages/,,,,,,,,,,,,,,,,,,,,,,,,,,,,,,,,,,,2,,,,,,,,,,2nd  T20I,,,2,,,,,,,-,-,-,-,-,,22:59 GMT,2025-07-01,"{'date': '2025-07-01 10:00:00.000000', 'timezone_type': 2, 'timezone': 'GMT'}",1751344200.0,12:00 PM
179,1635,2,T20,UpComing,2025-07-04,4 Jul 2025,England (Women) vs India (Women),11:00,10:00 GMT,2025-07-04,53,England (Women),52,India (Women),ENGW,INDW,30,Kennington Oval,,,,,0,,,,2025-07-04 11:00:00,London,,,,,,,,0,0,0,0,53,England (Women),,,,,52,India (Women),Asia/Kolkata,4 Jul 2025,23:59,20,0,T20,3,Women,India Women In England T20 Series 2025,,,,,https://scores.bcci.tv/matchcentre/teamlogos/xwbqvMolZz1729662687ECB.png,https://scores.bcci.tv/matchcentre/teamlogos/india.png,https://scores.bcci.tv/matchcentre/teamlogos/xwbqvMolZz1729662687ECB.png,https://scores.bcci.tv/matchcentre/teamlogos/india.png,0,+9.5,,,0,0,0,0,0.0,https://scores.bcci.tv/matchcentre/playerimages/,,,0,0,0,0,0.0,https://scores.bcci.tv/matchcentre/playerimages/,,,0,0,0,0,0.0,0.0,https://scores.bcci.tv/matchcentre/playerimages/,,,,,,,,,,,,,,,,,,,,,,,,,,,,,,,,,,,2,,,,,,,,,,3rd  T20I,,,3,,,,,,,-,-,-,-,-,,22:59 GMT,2025-07-04,"{'date': '2025-07-04 10:00:00.000000', 'timezone_type': 2, 'timezone': 'GMT'}",1751603400.0,12:00 PM
179,1636,2,T20,UpComing,2025-07-09,9 Jul 2025,England (Women) vs India (Women),11:00,10:00 GMT,2025-07-09,53,England (Women),52,India (Women),ENGW,INDW,29,Old Trafford,,,,,0,,,,2025-07-09 11:00:00,Manchester,,,,,,,,0,0,0,0,53,England (Women),,,,,52,India (Women),Asia/Kolkata,9 Jul 2025,23:59,20,0,T20,4,Women,India Women In England T20 Series 2025,,,,,https://scores.bcci.tv/matchcentre/teamlogos/xwbqvMolZz1729662687ECB.png,https://scores.bcci.tv/matchcentre/teamlogos/india.png,https://scores.bcci.tv/matchcentre/teamlogos/xwbqvMolZz1729662687ECB.png,https://scores.bcci.tv/matchcentre/teamlogos/india.png,0,+9.5,,,0,0,0,0,0.0,https://scores.bcci.tv/matchcentre/playerimages/,,,0,0,0,0,0.0,https://scores.bcci.tv/matchcentre/playerimages/,,,0,0,0,0,0.0,0.0,https://scores.bcci.tv/matchcentre/playerimages/,,,,,,,,,,,,,,,,,,,,,,,,,,,,,,,,,,,2,,,,,,,,,,4th  T20I,,,4,,,,,,,-,-,-,-,-,,22:59 GMT,2025-07-09,"{'date': '2025-07-09 10:00:00.000000', 'timezone_type': 2, 'timezone': 'GMT'}",1752035400.0,12:00 PM
179,1637,2,T20,UpComing,2025-07-12,12 Jul 2025,England (Women) vs India (Women),11:00,10:00 GMT,2025-07-12,53,England (Women),52,India (Women),ENGW,INDW,25,Edgbaston,,,,,0,,,,2025-07-12 11:00:00,Birmingham,,,,,,,,0,0,0,0,53,England (Women),,,,,52,India (Women),Asia/Kolkata,12 Jul 2025,23:59,20,0,T20,5,Women,India Women In England T20 Series 2025,,,,,https://scores.bcci.tv/matchcentre/teamlogos/xwbqvMolZz1729662687ECB.png,https://scores.bcci.tv/matchcentre/teamlogos/india.png,https://scores.bcci.tv/matchcentre/teamlogos/xwbqvMolZz1729662687ECB.png,https://scores.bcci.tv/matchcentre/teamlogos/india.png,0,+9.5,,,0,0,0,0,0.0,https://scores.bcci.tv/matchcentre/playerimages/,,,0,0,0,0,0.0,https://scores.bcci.tv/matchcentre/playerimages/,,,0,0,0,0,0.0,0.0,https://scores.bcci.tv/matchcentre/playerimages/,,,,,,,,,,,,,,,,,,,,,,,,,,,,,,,,,,,2,,,,,,,,,,5th  T20I,,,5,,,,,,,-,-,-,-,-,,22:59 GMT,2025-07-12,"{'date': '2025-07-12 10:00:00.000000', 'timezone_type': 2, 'timezone': 'GMT'}",1752294600.0,12:00 PM
180,1638,3,One Day,UpComing,2025-07-16,16 Jul 2025,England (Women) vs India (Women),11:00,10:00 GMT,2025-07-16,53,England (Women),52,India (Women),ENGW,INDW,26,The Rose Bowl,,,,,0,,,,2025-07-16 11:00:00,Southampton,,,,,,,,0,0,0,0,53,England (Women),,,,,52,India (Women),Asia/Kolkata,16 Jul 2025,23:59,50,0,ODI,1,Women,India Women In England Odi Series 2025,,,,,https://scores.bcci.tv/matchcentre/teamlogos/xwbqvMolZz1729662687ECB.png,https://scores.bcci.tv/matchcentre/teamlogos/india.png,https://scores.bcci.tv/matchcentre/teamlogos/xwbqvMolZz1729662687ECB.png,https://scores.bcci.tv/matchcentre/teamlogos/india.png,0,+9.5,,,0,0,0,0,0.0,https://scores.bcci.tv/matchcentre/playerimages/,,,0,0,0,0,0.0,https://scores.bcci.tv/matchcentre/playerimages/,,,0,0,0,0,0.0,0.0,https://scores.bcci.tv/matchcentre/playerimages/,,,,,,,,,,,,,,,,,,,,,,,,,,,,,,,,,,,2,,,,,,,,,,1st ODI,,,1,,,,,,,-,-,-,-,-,,22:59 GMT,2025-07-16,"{'date': '2025-07-16 10:00:00.000000', 'timezone_type': 2, 'timezone': 'GMT'}",1752640200.0,12:00 PM
180,1639,3,One Day,UpComing,2025-07-19,19 Jul 2025,England (Women) vs India (Women),11:00,10:00 GMT,2025-07-19,53,England (Women),52,India (Women),ENGW,INDW,28,Lord's Cricket Ground,,,,,0,,,,2025-07-19 11:00:00,London,,,,,,,,0,0,0,0,53,England (Women),,,,,52,India (Women),Asia/Kolkata,19 Jul 2025,23:59,50,0,ODI,2,Women,India Women In England Odi Series 2025,,,,,https://scores.bcci.tv/matchcentre/teamlogos/xwbqvMolZz1729662687ECB.png,https://scores.bcci.tv/matchcentre/teamlogos/india.png,https://scores.bcci.tv/matchcentre/teamlogos/xwbqvMolZz1729662687ECB.png,https://scores.bcci.tv/matchcentre/teamlogos/india.png,0,+9.5,,,0,0,0,0,0.0,https://scores.bcci.tv/matchcentre/playerimages/,,,0,0,0,0,0.0,https://scores.bcci.tv/matchcentre/playerimages/,,,0,0,0,0,0.0,0.0,https://scores.bcci.tv/matchcentre/playerimages/,,,,,,,,,,,,,,,,,,,,,,,,,,,,,,,,,,,2,,,,,,,,,,2nd  ODI,,,2,,,,,,,-,-,-,-,-,,22:59 GMT,2025-07-19,"{'date': '2025-07-19 10:00:00.000000', 'timezone_type': 2, 'timezone': 'GMT'}",1752899400.0,12:00 PM
180,1640,3,One Day,UpComing,2025-07-22,22 Jul 2025,England (Women) vs India (Women),11:00,10:00 GMT,2025-07-22,53,England (Women),52,India (Women),ENGW,INDW,31,Riverside Ground,,,,,0,,,,2025-07-22 11:00:00,Chester-le-Street,,,,,,,,0,0,0,0,53,England (Women),,,,,52,India (Women),Asia/Kolkata,22 Jul 2025,23:59,50,0,ODI,3,Women,India Women In England Odi Series 2025,,,,,https://scores.bcci.tv/matchcentre/teamlogos/xwbqvMolZz1729662687ECB.png,https://scores.bcci.tv/matchcentre/teamlogos/india.png,https://scores.bcci.tv/matchcentre/teamlogos/xwbqvMolZz1729662687ECB.png,https://scores.bcci.tv/matchcentre/teamlogos/india.png,0,+9.5,,,0,0,0,0,0.0,https://scores.bcci.tv/matchcentre/playerimages/,,,0,0,0,0,0.0,https://scores.bcci.tv/matchcentre/playerimages/,,,0,0,0,0,0.0,0.0,https://scores.bcci.tv/matchcentre/playerimages/,,,,,,,,,,,,,,,,,,,,,,,,,,,,,,,,,,,2,,,,,,,,,,3rd  ODI,,,3,,,,,,,-,-,-,-,-,,22:59 GMT,2025-07-22,"{'date': '2025-07-22 10:00:00.000000', 'timezone_type': 2, 'timezone': 'GMT'}",1753158600.0,12:00 PM
