,ActualBallNo,MatchID,InningsNo,BattingTeamID,TeamName,BatsManName,BowlerName,BowlerType,OverNo,BallNo,Runs,BallRuns,ActualRuns,IsOne,IsTwo,IsThree,IsDotball,Extras,IsWide,IsNoBall,IsBye,IsLegBye,IsFour,IsSix,IsWicket,WicketType,Wickets,IsBowlerWicket,BallName,Day,SESSION_NO,IsExtra,SNO,Xpitch,Ypitch,RunRuns,IsMaiden,OverImage,BowlTypeID,BowlTypeName,ShotTypeID,ShotType,IsBouncer,IsFreeHit,BallCount,BCCheck,TotalRuns,TotalWickets,BOWLING_LINE_ID,BOWLING_LENGTH_ID,FiveHaul,Flag,FlagSet,PenaltyRuns,IsFifty,IsHundred,IsTwoHundred,IsHattrick
0,1,1567,1,11,Bangladesh,Parvez Hossain Emon,Arshdeep Singh,,1,1,0,0,0,0,0,0,1,0,0,0,0,0,0,0,0,,,0,0.1,1,1,0,528074,48.50,107.50,0,0,,42,OUTSWINGER,27,FORWARD PUSH,0,0,1,0,0,0,Off stump,Good Length,1,0,0,0,0,0,0,0
1,2,1567,1,11,Bangladesh,Parvez Hossain Emon,Arshdeep Singh,,1,2,0,0,0,0,0,0,1,0,0,0,0,0,0,0,0,,,0,0.2,1,1,0,528075,74.50,-22.00,0,0,,42,OUTSWINGER,59,FRONTFOOT SQUARE DRIVE,0,0,2,0,0,0,Outside Off stump,Good Length,0,0,0,0,0,0,0,0
2,3,1567,1,11,Bangladesh,Parvez Hossain Emon,Arshdeep Singh,,1,3,1,1,1,1,0,0,0,0,0,0,0,0,0,0,0,,,0,0.3,1,1,0,528076,-57.50,110.00,1,0,,42,OUTSWINGER,47,FRONTFOOT ON DRIVE,0,0,3,0,1,0,Middle stump,Full Length,0,0,0,0,0,0,0,0
3,4,1567,1,11,Bangladesh,Litton Das,Arshdeep Singh,,1,4,4,4,4,0,0,0,0,0,0,0,0,0,1,0,0,,,0,0.4,1,1,0,528077,-123.00,-111.00,4,0,,30,ANGLED ACROSS,44,GLIDE,0,0,4,0,5,0,Outside Off stump,Good Length,0,0,0,0,0,0,0,0
4,5,1567,1,11,Bangladesh,Litton Das,Arshdeep Singh,,1,5,0 WK,W,0,0,0,0,1,0,0,0,0,0,0,0,1,Caught,WICKET,1,0.5,1,1,0,528078,-48.00,6.00,0,0,https://scores.bcci.tv/matchcentre/commentaryFiles/Bangladesh-tour-of-India-T20-series-2024/India-VS-Bangladesh-(06-Oct-2024)/File_1-1-528078.png,30,ANGLED ACROSS,11,LOFTED ON DRIVE,0,0,5,0,5,1,Outside Off stump,Good Length,1,0,0,0,0,0,0,0
5,6,1567,1,11,Bangladesh,Najmul Hossain Shanto,Arshdeep Singh,,1,6,1,1,1,1,0,0,0,0,0,0,0,0,0,0,0,,,0,0.6,1,1,0,528079,45.00,109.50,1,0,,42,OUTSWINGER,27,FORWARD PUSH,0,0,6,0,6,1,Outside Off stump,Full Length,2,0,0,0,0,0,0,0
6,1,1567,1,11,Bangladesh,Najmul Hossain Shanto,Hardik Pandya,,2,1,1,1,1,1,0,0,0,0,0,0,0,0,0,0,0,,,0,1.1,1,1,0,528080,-132.50,-47.00,1,0,,38,STRAIGHT BALL,97,BACKFOOT PUSH,0,0,1,1,7,1,Outside Leg stump,Short of Good Length,3,0,0,0,0,0,0,0
7,2,1567,1,11,Bangladesh,Parvez Hossain Emon,Hardik Pandya,,2,2,6,6,6,0,0,0,0,0,0,0,0,0,0,1,0,,,0,1.2,1,1,0,528081,-176.00,-64.50,6,0,,38,STRAIGHT BALL,40,FRONTFOOT FLICK,0,0,2,1,13,1,Outside Leg stump,Full Length,0,0,0,0,0,0,0,0
8,3,1567,1,11,Bangladesh,Parvez Hossain Emon,Hardik Pandya,,2,3,0,0,0,0,0,0,1,0,0,0,0,0,0,0,0,,,0,1.3,1,1,0,528082,-176.00,-64.50,0,0,,38,STRAIGHT BALL,105,LEFT ALONE,0,0,3,1,13,1,Outside Leg stump,Short Length,0,0,0,0,0,0,0,0
9,4,1567,1,11,Bangladesh,Parvez Hossain Emon,Hardik Pandya,,2,4,0,0,0,0,0,0,1,0,0,0,0,0,0,0,0,,,0,1.4,1,1,0,528083,76.50,-19.00,0,0,,38,STRAIGHT BALL,49,FORWARD DEFENCE,0,0,4,1,13,1,Off stump,Good Length,0,0,0,0,0,0,0,0
10,5,1567,1,11,Bangladesh,Parvez Hossain Emon,Hardik Pandya,,2,5,0,0,0,0,0,0,1,0,0,0,0,0,0,0,0,,,0,1.5,1,1,0,528084,76.50,-19.00,0,0,,38,STRAIGHT BALL,36,CUT SHOT,0,0,5,1,13,1,Leg stump,Short Length,0,0,0,0,0,0,0,0
11,6,1567,1,11,Bangladesh,Parvez Hossain Emon,Hardik Pandya,,2,6,1,1,1,1,0,0,0,0,0,0,0,0,0,0,0,,,0,1.6,1,1,0,528085,48.00,96.50,1,0,,38,STRAIGHT BALL,84,FRONTFOOT OFF DRIVE,0,0,6,1,14,1,Off stump,Full Toss,0,0,0,0,0,0,0,0
12,1,1567,1,11,Bangladesh,Parvez Hossain Emon,Arshdeep Singh,,3,1,0 WK,W,0,0,0,0,1,0,0,0,0,0,0,0,1,Bowled,WICKET,1,2.1,1,1,0,528086,48.00,96.50,0,0,,38,STRAIGHT BALL,36,CUT SHOT,0,0,1,2,14,2,Outside Off stump,Short of Good Length,1,0,0,0,0,0,0,0
13,2,1567,1,11,Bangladesh,Towhid Hridoy,Arshdeep Singh,,3,2,1,1,1,1,0,0,0,0,0,0,0,0,0,0,0,,,0,2.2,1,1,0,528087,-105.50,-83.00,1,0,,30,ANGLED ACROSS,44,GLIDE,0,0,2,2,15,2,Outside Off stump,Good Length,2,0,0,0,0,0,0,0
14,3,1567,1,11,Bangladesh,Najmul Hossain Shanto,Arshdeep Singh,,3,3,0,0,0,0,0,0,1,0,0,0,0,0,0,0,0,,,0,2.3,1,1,0,528088,-105.50,-83.00,0,0,,38,STRAIGHT BALL,105,LEFT ALONE,0,0,3,2,15,2,Outside Off stump,Short Length,0,0,0,0,0,0,0,0
15,4,1567,1,11,Bangladesh,Najmul Hossain Shanto,Arshdeep Singh,,3,4,1,1,1,1,0,0,0,0,0,0,0,0,0,0,0,,,0,2.4,1,1,0,528089,-50.00,91.50,1,0,,47,SLOWER BALL,27,FORWARD PUSH,0,0,4,2,16,2,Off stump,Yorker,0,0,0,0,0,0,0,0
16,5,1567,1,11,Bangladesh,Towhid Hridoy,Arshdeep Singh,,3,5,0,0,0,0,0,0,1,0,0,0,0,0,0,0,0,,,0,2.5,1,1,0,528090,-72.50,1.50,0,0,,38,STRAIGHT BALL,27,FORWARD PUSH,0,0,5,2,16,2,Off stump,Good Length,0,0,0,0,0,0,0,0
17,6,1567,1,11,Bangladesh,Towhid Hridoy,Arshdeep Singh,,3,6,0,0,0,0,0,0,1,0,0,0,0,0,0,0,0,,,0,2.6,1,1,0,528091,-72.50,1.50,0,0,,30,ANGLED ACROSS,105,LEFT ALONE,0,0,6,2,16,2,Outside Off stump,Short of Good Length,0,0,0,0,0,0,0,0
19,1,1567,1,11,Bangladesh,Najmul Hossain Shanto,Hardik Pandya,,4,1,4,4,4,0,0,0,0,0,0,0,0,0,1,0,0,,,0,3.1,1,1,0,528092,-205.50,83.50,4,0,,38,STRAIGHT BALL,58,BACKFOOT PULL SHOT,0,0,1,3,20,2,Outside Leg stump,Short Length,1,0,0,0,0,0,0,0
20,2,1567,1,11,Bangladesh,Najmul Hossain Shanto,Hardik Pandya,,4,2,1,1,1,1,0,0,0,0,0,0,0,0,0,0,0,,,0,3.2,1,1,0,528093,-128.50,-30.00,1,0,,38,STRAIGHT BALL,97,BACKFOOT PUSH,0,0,2,3,21,2,Outside Leg stump,Short Length,0,0,0,0,0,0,0,0
21,3,1567,1,11,Bangladesh,Towhid Hridoy,Hardik Pandya,,4,3,1,1,1,1,0,0,0,0,0,0,0,0,0,0,0,,,0,3.3,1,1,0,528094,-65.00,-40.00,1,0,,47,SLOWER BALL,35,LATE CUT,0,0,3,3,22,2,Outside Off stump,Good Length,0,0,0,0,0,0,0,0
22,4,1567,1,11,Bangladesh,Najmul Hossain Shanto,Hardik Pandya,,4,4,1 (LB),1,0,0,0,0,1,1,0,0,0,1,0,0,0,,,0,3.4,1,1,1,528095,-40.50,-88.00,1,0,,38,STRAIGHT BALL,58,BACKFOOT PULL SHOT,0,0,4,3,23,2,Outside Leg stump,Short Length,0,0,0,0,0,0,0,0
23,5,1567,1,11,Bangladesh,Towhid Hridoy,Hardik Pandya,,4,5,0,0,0,0,0,0,1,0,0,0,0,0,0,0,0,,,0,3.5,1,1,0,528096,-40.50,-88.00,0,0,,38,STRAIGHT BALL,105,LEFT ALONE,0,0,5,3,23,2,Outside Off stump,Short Length,0,0,0,0,0,0,0,0
24,6,1567,1,11,Bangladesh,Towhid Hridoy,Hardik Pandya,,4,6,1,1,1,1,0,0,0,0,0,0,0,0,0,0,0,,,0,3.6,1,1,0,528097,-147.50,-24.00,1,0,,38,STRAIGHT BALL,36,CUT SHOT,0,0,6,3,24,2,Outside Off stump,Short Length,0,0,0,0,0,0,0,0
25,1,1567,1,11,Bangladesh,Towhid Hridoy,Varun Chakaravarthy,,5,1,0,0,0,0,0,0,1,0,0,0,0,0,0,0,0,,,0,4.1,1,1,0,528098,47.50,23.50,0,0,,33,CARROM BALL,97,BACKFOOT PUSH,0,0,1,4,24,2,Outside Off stump,Good Length,1,0,0,0,0,0,0,0
26,2,1567,1,11,Bangladesh,Towhid Hridoy,Varun Chakaravarthy,,5,2,4,4,4,0,0,0,0,0,0,0,0,0,1,0,0,,,0,4.2,1,1,0,528099,188.00,63.00,4,0,,24,LEG SPIN,95,SLOG SWEEP,0,0,2,4,28,2,Outside Off stump,Full Length,0,0,0,0,0,0,0,0
27,3,1567,1,11,Bangladesh,Towhid Hridoy,Varun Chakaravarthy,,5,3,4,4,4,0,0,0,0,0,0,0,0,0,1,0,0,,,0,4.3,1,1,0,528100,170.00,-61.50,4,0,,33,CARROM BALL,58,BACKFOOT PULL SHOT,0,0,3,4,32,2,Outside Off stump,Short of Good Length,0,0,0,0,0,0,0,0
28,4,1567,1,11,Bangladesh,Towhid Hridoy,Varun Chakaravarthy,,5,4,1,1,1,1,0,0,0,0,0,0,0,0,0,0,0,,,0,4.4,1,1,0,528101,130.50,-40.50,1,0,,33,CARROM BALL,97,BACKFOOT PUSH,0,0,4,4,33,2,Outside Off stump,Good Length,0,0,0,0,0,0,0,0
29,5,1567,1,11,Bangladesh,Najmul Hossain Shanto,Varun Chakaravarthy,,5,5,0,0,0,0,0,0,1,0,0,0,0,0,0,0,0,,,0,4.5,1,1,0,528102,130.50,-40.50,0,0,,33,CARROM BALL,51,FRONTFOOT COVERDRIVE,0,0,5,4,33,2,Outside Off stump,Good Length,0,0,0,0,0,0,0,0
30,6,1567,1,11,Bangladesh,Najmul Hossain Shanto,Varun Chakaravarthy,,5,6,6,6,6,0,0,0,0,0,0,0,0,0,0,1,0,,,0,4.6,1,1,0,528103,169.50,-54.00,6,0,,33,CARROM BALL,56,REVERSE SWEEP,0,0,6,4,39,2,Off stump,Full Length,0,0,0,0,0,0,0,0
31,1,1567,1,11,Bangladesh,Towhid Hridoy,Mayank Yadav,,6,1,0,0,0,0,0,0,1,0,0,0,0,0,0,0,0,,,0,5.1,1,1,0,528104,169.50,-54.00,0,0,https://scores.bcci.tv/matchcentre/commentaryFiles/Bangladesh-tour-of-India-T20-series-2024/India-VS-Bangladesh-(06-Oct-2024)/File_1-6-528104.png,38,STRAIGHT BALL,105,LEFT ALONE,0,0,1,5,39,2,Outside Off stump,Short Length,1,0,0,0,0,0,0,0
32,2,1567,1,11,Bangladesh,Towhid Hridoy,Mayank Yadav,,6,2,0,0,0,0,0,0,1,0,0,0,0,0,0,0,0,,,0,5.2,1,1,0,528105,-51.00,92.50,0,0,,39,ANGLED IN,27,FORWARD PUSH,0,0,2,5,39,2,Outside Off stump,Good Length,0,0,0,0,0,0,0,0
33,3,1567,1,11,Bangladesh,Towhid Hridoy,Mayank Yadav,,6,3,0,0,0,0,0,0,1,0,0,0,0,0,0,0,0,,,0,5.3,1,1,0,528106,-51.00,92.50,0,0,,39,ANGLED IN,36,CUT SHOT,0,0,3,5,39,2,Outside Off stump,Short of Good Length,0,0,0,0,0,0,0,0
34,4,1567,1,11,Bangladesh,Towhid Hridoy,Mayank Yadav,,6,4,0,0,0,0,0,0,1,0,0,0,0,0,0,0,0,,,0,5.4,1,1,0,528107,-74.00,-13.00,0,0,,38,STRAIGHT BALL,97,BACKFOOT PUSH,0,0,4,5,39,2,Outside Off stump,Short Length,0,0,0,0,0,0,0,0
35,5,1567,1,11,Bangladesh,Towhid Hridoy,Mayank Yadav,,6,5,0,0,0,0,0,0,1,0,0,0,0,0,0,0,0,,,0,5.5,1,1,0,528108,-88.50,-11.50,0,0,,38,STRAIGHT BALL,36,CUT SHOT,0,0,5,5,39,2,Outside Off stump,Short Length,0,0,0,0,0,0,0,0
36,6,1567,1,11,Bangladesh,Towhid Hridoy,Mayank Yadav,,6,6,0,0,0,0,0,0,1,0,0,0,0,0,0,0,0,,,0,5.6,1,1,0,528109,-63.00,80.50,0,0,,39,ANGLED IN,40,FRONTFOOT FLICK,0,0,6,5,39,2,Leg stump,Full Length,0,0,0,0,0,0,0,0
37,1,1567,1,11,Bangladesh,Najmul Hossain Shanto,Varun Chakaravarthy,,7,1,0,0,0,0,0,0,1,0,0,0,0,0,0,0,0,,,0,6.1,1,1,0,528110,-63.50,-46.50,0,0,,24,LEG SPIN,55,SWEEP SHOT,0,0,1,6,39,2,Leg stump,Full Length,1,0,0,0,0,0,0,0
38,2,1567,1,11,Bangladesh,Najmul Hossain Shanto,Varun Chakaravarthy,,7,2,1,1,1,1,0,0,0,0,0,0,0,0,0,0,0,,,0,6.2,1,1,0,528111,-146.00,-47.00,1,0,,24,LEG SPIN,55,SWEEP SHOT,0,0,2,6,40,2,Leg stump,Good Length,0,0,0,0,0,0,0,0
39,3,1567,1,11,Bangladesh,Towhid Hridoy,Varun Chakaravarthy,,7,3,0,0,0,0,0,0,1,0,0,0,0,0,0,0,0,,,0,6.3,1,1,0,528112,-146.00,-47.00,0,0,,33,CARROM BALL,36,CUT SHOT,0,0,3,6,40,2,Outside Off stump,Short of Good Length,0,0,0,0,0,0,0,0
40,4,1567,1,11,Bangladesh,Towhid Hridoy,Varun Chakaravarthy,,7,4,0 WK,W,0,0,0,0,1,0,0,0,0,0,0,0,1,Caught,WICKET,1,6.4,1,1,0,528113,72.00,170.00,0,0,,33,CARROM BALL,58,BACKFOOT PULL SHOT,0,0,4,6,40,3,Outside Off stump,Short of Good Length,1,0,0,0,0,0,0,0
41,5,1567,1,11,Bangladesh,Mahmudullah,Varun Chakaravarthy,,7,5,1,1,1,1,0,0,0,0,0,0,0,0,0,0,0,,,0,6.5,1,1,0,528114,125.50,-35.00,1,0,,33,CARROM BALL,97,BACKFOOT PUSH,0,0,5,6,41,3,Outside Off stump,Good Length,2,0,0,0,0,0,0,0
42,6,1567,1,11,Bangladesh,Najmul Hossain Shanto,Varun Chakaravarthy,,7,6,1,1,1,1,0,0,0,0,0,0,0,0,0,0,0,,,0,6.6,1,1,0,528115,-145.50,75.00,1,0,,33,CARROM BALL,47,FRONTFOOT ON DRIVE,0,0,6,6,42,3,Leg stump,Full Length,0,0,0,0,0,0,0,0
43,1,1567,1,11,Bangladesh,Najmul Hossain Shanto,Mayank Yadav,,8,1,1,1,1,1,0,0,0,0,0,0,0,0,0,0,0,,,0,7.1,1,1,0,528116,-57.00,90.50,1,0,,38,STRAIGHT BALL,27,FORWARD PUSH,0,0,1,7,43,3,Outside Leg stump,Good Length,1,0,0,0,0,0,0,0
44,2,1567,1,11,Bangladesh,Mahmudullah,Mayank Yadav,,8,2,0 WK,W,0,0,0,0,1,0,0,0,0,0,0,0,1,Caught,WICKET,1,7.2,1,1,0,528117,-159.00,35.00,0,0,,38,STRAIGHT BALL,114,STEP DOWN LOFTED COVER DRIVE,0,0,2,7,43,4,Outside Off stump,Good Length,2,0,0,0,0,0,0,0
45,3,1567,1,11,Bangladesh,Jaker Ali,Mayank Yadav,,8,3,1,1,1,1,0,0,0,0,0,0,0,0,0,0,0,,,0,7.3,1,1,0,528118,-102.00,-93.00,1,0,,38,STRAIGHT BALL,44,GLIDE,0,0,3,7,44,4,Outside Off stump,Good Length,3,0,0,0,0,0,0,0
46,4,1567,1,11,Bangladesh,Najmul Hossain Shanto,Mayank Yadav,,8,4,1,1,1,1,0,0,0,0,0,0,0,0,0,0,0,,,0,7.4,1,1,0,528119,162.00,53.50,1,0,,30,ANGLED ACROSS,51,FRONTFOOT COVERDRIVE,0,0,4,7,45,4,Outside Off stump,Full Length,0,0,0,0,0,0,0,0
47,5,1567,1,11,Bangladesh,Jaker Ali,Mayank Yadav,,8,5,0,0,0,0,0,0,1,0,0,0,0,0,0,0,0,,,0,7.5,1,1,0,528120,162.00,53.50,0,0,,38,STRAIGHT BALL,105,LEFT ALONE,0,0,5,7,45,4,Outside Off stump,Short Length,0,0,0,0,0,0,0,0
48,6,1567,1,11,Bangladesh,Jaker Ali,Mayank Yadav,,8,6,0,0,0,0,0,0,1,0,0,0,0,0,0,0,0,,,0,7.6,1,1,0,528121,162.00,53.50,0,0,,38,STRAIGHT BALL,105,LEFT ALONE,0,0,6,7,45,4,Outside Off stump,Short Length,0,0,0,0,0,0,0,0
49,1,1567,1,11,Bangladesh,Najmul Hossain Shanto,Nitish Kumar Reddy,,9,1,0,0,0,0,0,0,1,0,0,0,0,0,0,0,0,,,0,8.1,1,1,0,528122,44.50,105.50,0,0,,38,STRAIGHT BALL,49,FORWARD DEFENCE,0,0,1,8,45,4,Outside Leg stump,Good Length,1,0,0,0,0,0,0,0
50,2,1567,1,11,Bangladesh,Najmul Hossain Shanto,Nitish Kumar Reddy,,9,2,2,2,2,0,1,0,0,0,0,0,0,0,0,0,0,,,0,8.2,1,1,0,528123,83.50,-69.00,2,0,,30,ANGLED ACROSS,36,CUT SHOT,0,0,2,8,47,4,Outside Leg stump,Short of Good Length,0,0,0,0,0,0,0,0
51,3,1567,1,11,Bangladesh,Najmul Hossain Shanto,Nitish Kumar Reddy,,9,3,1,1,1,1,0,0,0,0,0,0,0,0,0,0,0,,,0,8.3,1,1,0,528124,101.50,-88.00,1,0,,30,ANGLED ACROSS,36,CUT SHOT,0,0,3,8,48,4,Outside Off stump,Short of Good Length,0,0,0,0,0,0,0,0
52,4,1567,1,11,Bangladesh,Jaker Ali,Nitish Kumar Reddy,,9,4,1,1,1,1,0,0,0,0,0,0,0,0,0,0,0,,,0,8.4,1,1,0,528125,156.50,23.00,1,0,,39,ANGLED IN,40,FRONTFOOT FLICK,0,0,4,8,49,4,Middle stump,Full Length,0,0,0,0,0,0,0,0
53,5,1567,1,11,Bangladesh,Najmul Hossain Shanto,Nitish Kumar Reddy,,9,5,1,1,1,1,0,0,0,0,0,0,0,0,0,0,0,,,0,8.5,1,1,0,528126,156.50,31.00,1,0,,38,STRAIGHT BALL,89,STEP DOWN COVER DRIVE,0,0,5,8,50,4,Off stump,Full Toss,0,1,1,0,1,0,0,0
54,6,1567,1,11,Bangladesh,Jaker Ali,Nitish Kumar Reddy,,9,6,6,6,6,0,0,0,0,0,0,0,0,0,0,1,0,,,0,8.6,1,1,0,528127,193.00,58.50,6,0,,38,STRAIGHT BALL,18,SLOG SHOT,0,0,6,8,56,4,Outside Off stump,Good Length,0,0,1,0,0,0,0,0
55,1,1567,1,11,Bangladesh,Najmul Hossain Shanto,Varun Chakaravarthy,,10,1,1,1,1,1,0,0,0,0,0,0,0,0,0,0,0,,,0,9.1,1,1,0,528128,-147.00,75.00,1,0,,33,CARROM BALL,40,FRONTFOOT FLICK,0,0,1,9,57,4,Middle stump,Full Toss,1,0,1,0,0,0,0,0
56,2,1567,1,11,Bangladesh,Jaker Ali,Varun Chakaravarthy,,10,2,0 WK,W,0,0,0,0,1,0,0,0,0,0,0,0,1,Bowled,WICKET,1,9.2,1,1,0,528129,-147.00,75.00,0,0,,28,GOOGLY,49,FORWARD DEFENCE,0,0,2,9,57,5,Outside Off stump,Full Length,2,0,1,0,0,0,0,0
57,3,1567,1,11,Bangladesh,Mehidy Hasan Miraz,Varun Chakaravarthy,,10,3,4,4,4,0,0,0,0,0,0,0,0,0,1,0,0,,,0,9.3,1,1,0,528130,-55.50,-143.00,4,0,,33,CARROM BALL,44,GLIDE,0,0,3,9,61,5,Outside Off stump,Good Length,3,0,1,0,0,0,0,0
58,4,1567,1,11,Bangladesh,Mehidy Hasan Miraz,Varun Chakaravarthy,,10,4,1,1,1,1,0,0,0,0,0,0,0,0,0,0,0,,,0,9.4,1,1,0,528131,95.50,-86.50,1,0,,24,LEG SPIN,22,FRONTFOOT PADDLE SWEEP,0,0,4,9,62,5,Outside Off stump,Good Length,0,0,1,0,0,0,0,0
59,5,1567,1,11,Bangladesh,Najmul Hossain Shanto,Varun Chakaravarthy,,10,5,1,1,1,1,0,0,0,0,0,0,0,0,0,0,0,,,0,9.5,1,1,0,528132,-127.50,77.50,1,0,,33,CARROM BALL,97,BACKFOOT PUSH,0,0,5,9,63,5,Outside Leg stump,Good Length,0,0,1,0,0,0,0,0
60,6,1567,1,11,Bangladesh,Mehidy Hasan Miraz,Varun Chakaravarthy,,10,6,1,1,1,1,0,0,0,0,0,0,0,0,0,0,0,,,0,9.6,1,1,0,528133,158.00,54.50,1,0,,33,CARROM BALL,54,LEG GLANCE,0,0,6,9,64,5,Outside Off stump,Good Length,0,0,1,0,0,0,0,0
61,1,1567,1,11,Bangladesh,Mehidy Hasan Miraz,Nitish Kumar Reddy,,11,1,1,1,1,1,0,0,0,0,0,0,0,0,0,0,0,,,0,10.1,1,1,0,528134,65.00,170.50,1,0,,38,STRAIGHT BALL,47,FRONTFOOT ON DRIVE,0,0,1,10,65,5,Outside Off stump,Full Length,1,0,1,0,0,0,0,0
62,2,1567,1,11,Bangladesh,Najmul Hossain Shanto,Nitish Kumar Reddy,,11,2,1,1,1,1,0,0,0,0,0,0,0,0,0,0,0,,,0,10.2,1,1,0,528135,-140.00,91.00,1,0,,39,ANGLED IN,97,BACKFOOT PUSH,0,0,2,10,66,5,Outside Off stump,Short of Good Length,0,0,1,0,0,0,0,0
63,3,1567,1,11,Bangladesh,Mehidy Hasan Miraz,Nitish Kumar Reddy,,11,3,1 (WD),1,0,0,0,0,0,1,1,0,0,0,0,0,0,,,0,10.3,1,1,1,528136,-140.00,91.00,1,0,,39,ANGLED IN,54,LEG GLANCE,0,0,3,10,67,5,Leg stump,Good Length,0,0,1,0,0,0,0,0
64,4,1567,1,11,Bangladesh,Mehidy Hasan Miraz,Nitish Kumar Reddy,,11,3,0,0,0,0,0,0,1,0,0,0,0,0,0,0,0,,,0,10.3,1,1,0,528137,61.50,49.00,0,0,,39,ANGLED IN,27,FORWARD PUSH,0,0,4,10,67,5,Outside Off stump,Good Length,0,0,1,0,0,0,0,0
65,5,1567,1,11,Bangladesh,Mehidy Hasan Miraz,Nitish Kumar Reddy,,11,4,1,1,1,1,0,0,0,0,0,0,0,0,0,0,0,,,0,10.4,1,1,0,528138,-92.00,38.50,1,0,,38,STRAIGHT BALL,51,FRONTFOOT COVERDRIVE,0,0,5,10,68,5,Outside Off stump,Full Length,0,0,1,0,0,0,0,0
66,6,1567,1,11,Bangladesh,Najmul Hossain Shanto,Nitish Kumar Reddy,,11,5,1,1,1,1,0,0,0,0,0,0,0,0,0,0,0,,,0,10.5,1,1,0,528139,-161.50,65.00,1,0,,39,ANGLED IN,40,FRONTFOOT FLICK,0,0,6,10,69,5,Off stump,Full Toss,0,0,1,0,0,0,0,0
67,7,1567,1,11,Bangladesh,Mehidy Hasan Miraz,Nitish Kumar Reddy,,11,6,1,1,1,1,0,0,0,0,0,0,0,0,0,0,0,,,0,10.6,1,1,0,528140,-58.00,78.00,1,0,,38,STRAIGHT BALL,97,BACKFOOT PUSH,0,0,7,10,70,5,Outside Off stump,Short of Good Length,0,0,1,0,0,0,0,0
68,1,1567,1,11,Bangladesh,Mehidy Hasan Miraz,Washington Sundar,,12,1,1,1,1,1,0,0,0,0,0,0,0,0,0,0,0,,,0,11.1,1,1,0,528141,154.00,59.00,1,0,,25,OFF SPIN,97,BACKFOOT PUSH,0,0,1,11,71,5,Outside Off stump,Short of Good Length,1,0,1,0,0,0,0,0
69,2,1567,1,11,Bangladesh,Najmul Hossain Shanto,Washington Sundar,,12,2,1,1,1,1,0,0,0,0,0,0,0,0,0,0,0,,,0,11.2,1,1,0,528142,-106.50,146.50,1,0,,25,OFF SPIN,47,FRONTFOOT ON DRIVE,0,0,2,11,72,5,Off stump,Full Length,0,0,1,0,0,0,0,0
70,3,1567,1,11,Bangladesh,Mehidy Hasan Miraz,Washington Sundar,,12,3,2,2,2,0,1,0,0,0,0,0,0,0,0,0,0,,,0,11.3,1,1,0,528143,142.00,-28.50,2,0,,25,OFF SPIN,55,SWEEP SHOT,0,0,3,11,74,5,Outside Off stump,Full Length,0,0,1,0,0,0,0,0
71,4,1567,1,11,Bangladesh,Mehidy Hasan Miraz,Washington Sundar,,12,4,1,1,1,1,0,0,0,0,0,0,0,0,0,0,0,,,0,11.4,1,1,0,528144,69.50,34.00,1,0,,25,OFF SPIN,97,BACKFOOT PUSH,0,0,4,11,75,5,Outside Off stump,Short of Good Length,0,0,1,0,0,0,0,0
72,5,1567,1,11,Bangladesh,Najmul Hossain Shanto,Washington Sundar,,12,5,0,0,0,0,0,0,1,0,0,0,0,0,0,0,0,,,0,11.5,1,1,0,528145,69.50,34.00,0,0,,23,ARM BALL,74,STEP DOWN ON DRIVE,0,0,5,11,75,5,Leg stump,Good Length,0,0,1,0,0,0,0,0
73,6,1567,1,11,Bangladesh,Najmul Hossain Shanto,Washington Sundar,,12,6,0 WK,W,0,0,0,0,1,0,0,0,0,0,0,0,1,Caught & Bowled,WICKET,1,11.6,1,1,0,528146,6.00,74.50,0,0,,25,OFF SPIN,21,STEP DOWN OFF DRIVE,0,0,6,11,75,6,Off stump,Good Length,1,0,1,0,0,0,0,0
74,1,1567,1,11,Bangladesh,Mehidy Hasan Miraz,Mayank Yadav,,13,1,0,0,0,0,0,0,1,0,0,0,0,0,0,0,0,,,0,12.1,1,1,0,528147,48.00,97.00,0,0,,39,ANGLED IN,27,FORWARD PUSH,0,0,1,12,75,6,Outside Off stump,Good Length,2,0,1,0,0,0,0,0
75,2,1567,1,11,Bangladesh,Mehidy Hasan Miraz,Mayank Yadav,,13,2,4,4,4,0,0,0,0,0,0,0,0,0,1,0,0,,,0,12.2,1,1,0,528148,-153.00,-91.00,4,0,,38,STRAIGHT BALL,31,UPPER CUT,0,0,2,12,79,6,Outside Off stump,Short Length,0,0,1,0,0,0,0,0
76,3,1567,1,11,Bangladesh,Mehidy Hasan Miraz,Mayank Yadav,,13,3,1,1,1,1,0,0,0,0,0,0,0,0,0,0,0,,,0,12.3,1,1,0,528149,134.50,-19.50,1,0,,39,ANGLED IN,40,FRONTFOOT FLICK,0,0,3,12,80,6,Off stump,Full Toss,0,0,1,0,0,0,0,0
77,4,1567,1,11,Bangladesh,Rishad Hossain,Mayank Yadav,,13,4,6,6,6,0,0,0,0,0,0,0,0,0,0,1,0,,,0,12.4,1,1,0,528150,-66.50,-141.00,6,0,,38,STRAIGHT BALL,31,UPPER CUT,0,0,4,12,86,6,Outside Off stump,Short Length,0,0,1,0,0,0,0,0
78,5,1567,1,11,Bangladesh,Rishad Hossain,Mayank Yadav,,13,5,4,4,4,0,0,0,0,0,0,0,0,0,1,0,0,,,0,12.5,1,1,0,528151,42.50,226.00,4,0,,39,ANGLED IN,47,FRONTFOOT ON DRIVE,0,0,5,12,90,6,Outside Off stump,Good Length,0,0,1,0,0,0,0,0
79,6,1567,1,11,Bangladesh,Rishad Hossain,Mayank Yadav,,13,6,0,0,0,0,0,0,1,0,0,0,0,0,0,0,0,,,0,12.6,1,1,0,528152,42.50,226.00,0,0,,38,STRAIGHT BALL,31,UPPER CUT,0,0,6,12,90,6,Outside Off stump,Short Length,0,0,1,0,0,0,0,0
80,1,1567,1,11,Bangladesh,Mehidy Hasan Miraz,Varun Chakaravarthy,,14,1,1,1,1,1,0,0,0,0,0,0,0,0,0,0,0,,,0,13.1,1,1,0,528153,86.00,163.50,1,0,,33,CARROM BALL,58,BACKFOOT PULL SHOT,0,0,1,13,91,6,Outside Off stump,Short of Good Length,1,0,1,0,0,0,0,0
81,2,1567,1,11,Bangladesh,Rishad Hossain,Varun Chakaravarthy,,14,2,1,1,1,1,0,0,0,0,0,0,0,0,0,0,0,,,0,13.2,1,1,0,528154,155.00,61.50,1,0,,28,GOOGLY,95,SLOG SWEEP,0,0,2,13,92,6,Outside Off stump,Full Length,0,0,1,0,0,0,0,0
82,3,1567,1,11,Bangladesh,Mehidy Hasan Miraz,Varun Chakaravarthy,,14,3,0,0,0,0,0,0,1,0,0,0,0,0,0,0,0,,,0,13.3,1,1,0,528155,155.00,61.50,0,0,,33,CARROM BALL,36,CUT SHOT,0,0,3,13,92,6,Outside Off stump,Good Length,0,0,1,0,0,0,0,0
83,4,1567,1,11,Bangladesh,Mehidy Hasan Miraz,Varun Chakaravarthy,,14,4,1,1,1,1,0,0,0,0,0,0,0,0,0,0,0,,,0,13.4,1,1,0,528156,97.00,158.50,1,0,,33,CARROM BALL,101,BACKFOOT ON DRIVE,0,0,4,13,93,6,Outside Off stump,Short of Good Length,0,0,1,0,0,0,0,0
84,5,1567,1,11,Bangladesh,Rishad Hossain,Varun Chakaravarthy,,14,5,0 WK,W,0,0,0,0,1,0,0,0,0,0,0,0,1,Caught,WICKET,1,13.5,1,1,0,528157,136.00,74.00,0,0,,33,CARROM BALL,58,BACKFOOT PULL SHOT,0,0,5,13,93,7,Outside Off stump,Short Length,1,0,1,0,0,0,0,0
85,6,1567,1,11,Bangladesh,Taskin Ahmed,Varun Chakaravarthy,,14,6,2,2,2,0,1,0,0,0,0,0,0,0,0,0,0,,,0,13.6,1,1,0,528158,-154.50,-19.50,2,0,,33,CARROM BALL,54,LEG GLANCE,0,0,6,13,95,7,Outside Off stump,Short of Good Length,2,0,1,0,0,0,0,0
86,1,1567,1,11,Bangladesh,Mehidy Hasan Miraz,Washington Sundar,,15,1,1,1,1,1,0,0,0,0,0,0,0,0,0,0,0,,,0,14.1,1,1,0,528159,-142.00,-9.00,1,0,,25,OFF SPIN,36,CUT SHOT,0,0,1,14,96,7,Outside Off stump,Short of Good Length,3,0,1,0,0,0,0,0
87,2,1567,1,11,Bangladesh,Taskin Ahmed,Washington Sundar,,15,2,1,1,1,1,0,0,0,0,0,0,0,0,0,0,0,,,0,14.2,1,1,0,528160,-77.00,135.50,1,0,,25,OFF SPIN,27,FORWARD PUSH,0,0,2,14,97,7,Middle stump,Full Length,0,0,1,0,0,0,0,0
88,3,1567,1,11,Bangladesh,Mehidy Hasan Miraz,Washington Sundar,,15,3,1,1,1,1,0,0,0,0,0,0,0,0,0,0,0,,,0,14.3,1,1,0,528161,109.00,-51.00,1,0,,25,OFF SPIN,97,BACKFOOT PUSH,0,0,3,14,98,7,Outside Off stump,Good Length,0,0,1,0,0,0,0,0
89,4,1567,1,11,Bangladesh,Taskin Ahmed,Washington Sundar,,15,4,0,0,0,0,0,0,1,0,0,0,0,0,0,0,0,,,0,14.4,1,1,0,528162,-23.50,73.50,0,0,,25,OFF SPIN,49,FORWARD DEFENCE,0,0,4,14,98,7,Outside Off stump,Full Length,0,0,1,0,0,0,0,0
90,5,1567,1,11,Bangladesh,Taskin Ahmed,Washington Sundar,,15,5,0,0,0,0,0,0,1,0,0,0,0,0,0,0,0,,,0,14.5,1,1,0,528163,-29.50,72.00,0,0,,25,OFF SPIN,97,BACKFOOT PUSH,0,0,5,14,98,7,Outside Off stump,Short of Good Length,0,0,1,0,0,0,0,0
91,6,1567,1,11,Bangladesh,Taskin Ahmed,Washington Sundar,,15,6,4,4,4,0,0,0,0,0,0,0,0,0,1,0,0,,,0,14.6,1,1,0,528164,-109.50,-127.50,4,0,,25,OFF SPIN,55,SWEEP SHOT,0,0,6,14,102,7,Off stump,Full Length,0,1,2,0,0,1,0,0
92,1,1567,1,11,Bangladesh,Mehidy Hasan Miraz,Hardik Pandya,,16,1,0,0,0,0,0,0,1,0,0,0,0,0,0,0,0,,,0,15.1,1,1,0,528165,-84.50,-11.50,0,0,,47,SLOWER BALL,36,CUT SHOT,0,0,1,15,102,7,Outside Off stump,Short of Good Length,1,0,2,0,0,0,0,0
93,2,1567,1,11,Bangladesh,Mehidy Hasan Miraz,Hardik Pandya,,16,2,4,4,4,0,0,0,0,0,0,0,0,0,1,0,0,,,0,15.2,1,1,0,528166,-68.00,-138.00,4,0,,38,STRAIGHT BALL,51,FRONTFOOT COVERDRIVE,0,0,2,15,106,7,Outside Off stump,Good Length,0,0,2,0,0,0,0,0
94,3,1567,1,11,Bangladesh,Mehidy Hasan Miraz,Hardik Pandya,,16,3,1,1,1,1,0,0,0,0,0,0,0,0,0,0,0,,,0,15.3,1,1,0,528167,147.50,38.50,1,0,,47,SLOWER BALL,97,BACKFOOT PUSH,0,0,3,15,107,7,Outside Off stump,Short of Good Length,0,0,2,0,0,0,0,0
95,4,1567,1,11,Bangladesh,Taskin Ahmed,Hardik Pandya,,16,4,1 (WD),1,0,0,0,0,0,1,1,0,0,0,0,0,0,,,0,15.4,1,1,1,528168,147.50,38.50,1,0,,39,ANGLED IN,58,BACKFOOT PULL SHOT,0,0,4,15,108,7,Outside Off stump,Short of Good Length,0,0,2,0,0,0,0,0
96,5,1567,1,11,Bangladesh,Taskin Ahmed,Hardik Pandya,,16,4,2,2,2,0,1,0,0,0,0,0,0,0,0,0,0,,,0,15.4,1,1,0,528169,-83.50,112.50,2,0,,38,STRAIGHT BALL,27,FORWARD PUSH,0,0,5,15,110,7,Outside Leg stump,Good Length,0,0,2,0,0,0,0,0
97,6,1567,1,11,Bangladesh,Taskin Ahmed,Hardik Pandya,,16,5,0,0,0,0,0,0,1,0,0,0,0,0,0,0,0,,,0,15.5,1,1,0,528170,-83.50,112.50,0,0,,38,STRAIGHT BALL,105,LEFT ALONE,0,0,6,15,110,7,Outside Leg stump,Short Length,0,0,2,0,0,0,0,0
98,7,1567,1,11,Bangladesh,Taskin Ahmed,Hardik Pandya,,16,6,1 (LB),1,0,0,0,0,1,1,0,0,0,1,0,0,0,,,0,15.6,1,1,1,528171,-83.50,112.50,1,0,,38,STRAIGHT BALL,58,BACKFOOT PULL SHOT,0,0,7,15,111,7,Outside Leg stump,Short Length,0,0,2,0,0,0,0,0
99,1,1567,1,11,Bangladesh,Taskin Ahmed,Arshdeep Singh,,17,1,1,1,1,1,0,0,0,0,0,0,0,0,0,0,0,,,0,16.1,1,1,0,528172,-60.00,56.50,1,0,,39,ANGLED IN,27,FORWARD PUSH,0,0,1,16,112,7,Middle stump,Yorker,1,0,2,0,0,0,0,0
100,2,1567,1,11,Bangladesh,Mehidy Hasan Miraz,Arshdeep Singh,,17,2,1,1,1,1,0,0,0,0,0,0,0,0,0,0,0,,,0,16.2,1,1,0,528173,-62.50,45.50,1,0,,38,STRAIGHT BALL,27,FORWARD PUSH,0,0,2,16,113,7,Leg stump,Good Length,0,0,2,0,0,0,0,0
101,3,1567,1,11,Bangladesh,Taskin Ahmed,Arshdeep Singh,,17,3,0,0,0,0,0,0,1,0,0,0,0,0,0,0,0,,,0,16.3,1,1,0,528174,50.00,46.00,0,0,,38,STRAIGHT BALL,51,FRONTFOOT COVERDRIVE,0,0,3,16,113,7,Off stump,Full Length,0,0,2,0,0,0,0,0
102,4,1567,1,11,Bangladesh,Taskin Ahmed,Arshdeep Singh,,17,4,0,0,0,0,0,0,1,0,0,0,0,0,0,0,0,,,0,16.4,1,1,0,528175,50.00,46.00,0,0,,38,STRAIGHT BALL,105,LEFT ALONE,0,0,4,16,113,7,Outside Off stump,Short Length,0,0,2,0,0,0,0,0
103,5,1567,1,11,Bangladesh,Taskin Ahmed,Arshdeep Singh,,17,5,1,1,1,1,0,0,0,0,0,0,0,0,0,0,0,,,0,16.5,1,1,0,528176,-159.00,32.50,1,0,,39,ANGLED IN,40,FRONTFOOT FLICK,0,0,5,16,114,7,Off stump,Yorker,0,0,2,0,0,0,0,0
104,6,1567,1,11,Bangladesh,Mehidy Hasan Miraz,Arshdeep Singh,,17,6,0,0,0,0,0,0,1,0,0,0,0,0,0,0,0,,,0,16.6,1,1,0,528177,13.50,59.50,0,0,,38,STRAIGHT BALL,27,FORWARD PUSH,0,0,6,16,114,7,Off stump,Full Length,0,0,2,0,0,0,0,0
105,1,1567,1,11,Bangladesh,Taskin Ahmed,Hardik Pandya,,18,1,1,1,1,1,0,0,0,0,0,0,0,0,0,0,0,,,0,17.1,1,1,0,528178,43.50,159.50,1,0,,47,SLOWER BALL,58,BACKFOOT PULL SHOT,0,0,1,17,115,7,Outside Leg stump,Short Length,1,0,2,0,0,0,0,0
106,2,1567,1,11,Bangladesh,Mehidy Hasan Miraz,Hardik Pandya,,18,2,1 WK,1,1,1,0,0,0,0,0,0,0,0,0,0,1,Run Out,WICKET,0,17.2,1,1,0,528179,137.00,-41.00,1,0,,38,STRAIGHT BALL,40,FRONTFOOT FLICK,0,0,2,17,116,8,Outside Off stump,Good Length,0,0,2,0,0,0,0,0
107,3,1567,1,11,Bangladesh,Mehidy Hasan Miraz,Hardik Pandya,,18,3,1,1,1,1,0,0,0,0,0,0,0,0,0,0,0,,,0,17.3,1,1,0,528180,-88.50,172.50,1,0,,38,STRAIGHT BALL,84,FRONTFOOT OFF DRIVE,0,0,3,17,117,8,Outside Off stump,Full Toss,0,0,2,0,0,0,0,0
108,4,1567,1,11,Bangladesh,Shoriful Islam,Hardik Pandya,,18,4,0,0,0,0,0,0,1,0,0,0,0,0,0,0,0,,,0,17.4,1,1,0,528181,-88.50,172.50,0,0,,38,STRAIGHT BALL,97,BACKFOOT PUSH,0,0,4,17,117,8,Outside Leg stump,Short of Good Length,0,0,2,0,0,0,0,0
109,5,1567,1,11,Bangladesh,Shoriful Islam,Hardik Pandya,,18,5,0 WK,W,0,0,0,0,1,0,0,0,0,0,0,0,1,Bowled,WICKET,1,17.5,1,1,0,528182,-88.50,172.50,0,0,,38,STRAIGHT BALL,52,BACKFOOT COVERDRIVE,0,0,5,17,117,9,Leg stump,Full Length,1,0,2,0,0,0,0,0
110,6,1567,1,11,Bangladesh,Mustafizur Rahman,Hardik Pandya,,18,6,0,0,0,0,0,0,1,0,0,0,0,0,0,0,0,,,0,17.6,1,1,0,528183,-110.00,-78.50,0,0,,38,STRAIGHT BALL,49,FORWARD DEFENCE,0,0,6,17,117,9,Outside Leg stump,Good Length,2,0,2,0,0,0,0,0
111,1,1567,1,11,Bangladesh,Mehidy Hasan Miraz,Mayank Yadav,,19,1,0,0,0,0,0,0,1,0,0,0,0,0,0,0,0,,,0,18.1,1,1,0,528184,-91.50,-6.00,0,0,,39,ANGLED IN,49,FORWARD DEFENCE,0,0,1,18,117,9,Middle stump,Yorker,3,0,2,0,0,0,0,0
112,2,1567,1,11,Bangladesh,Mehidy Hasan Miraz,Mayank Yadav,,19,2,1,1,1,1,0,0,0,0,0,0,0,0,0,0,0,,,0,18.2,1,1,0,528185,146.00,88.50,1,0,,47,SLOWER BALL,47,FRONTFOOT ON DRIVE,0,0,2,18,118,9,Off stump,Full Length,0,0,2,0,0,0,0,0
113,3,1567,1,11,Bangladesh,Mustafizur Rahman,Mayank Yadav,,19,3,1,1,1,1,0,0,0,0,0,0,0,0,0,0,0,,,0,18.3,1,1,0,528186,-142.00,-35.00,1,0,,38,STRAIGHT BALL,40,FRONTFOOT FLICK,0,0,3,18,119,9,Outside Leg stump,Good Length,0,0,2,0,0,0,0,0
114,4,1567,1,11,Bangladesh,Mehidy Hasan Miraz,Mayank Yadav,,19,4,1,1,1,1,0,0,0,0,0,0,0,0,0,0,0,,,0,18.4,1,1,0,528187,-70.00,-117.00,1,0,,47,SLOWER BALL,18,SLOG SHOT,0,0,4,18,120,9,Outside Off stump,Full Length,0,0,2,0,0,0,0,0
115,5,1567,1,11,Bangladesh,Mustafizur Rahman,Mayank Yadav,,19,5,0,0,0,0,0,0,1,0,0,0,0,0,0,0,0,,,0,18.5,1,1,0,528188,64.00,47.00,0,0,,30,ANGLED ACROSS,52,BACKFOOT COVERDRIVE,0,0,5,18,120,9,Outside Off stump,Full Length,0,0,2,0,0,0,0,0
116,6,1567,1,11,Bangladesh,Mustafizur Rahman,Mayank Yadav,,19,6,0,0,0,0,0,0,1,0,0,0,0,0,0,0,0,,,0,18.6,1,1,0,528189,-7.50,-50.00,0,0,,47,SLOWER BALL,44,GLIDE,0,0,6,18,120,9,Off stump,Good Length,0,0,2,0,0,0,0,0
117,1,1567,1,11,Bangladesh,Mehidy Hasan Miraz,Arshdeep Singh,,20,1,0,0,0,0,0,0,1,0,0,0,0,0,0,0,0,,,0,19.1,1,1,0,528190,-69.00,49.00,0,0,,38,STRAIGHT BALL,51,FRONTFOOT COVERDRIVE,0,0,1,19,120,9,Off stump,Full Length,1,0,2,0,0,0,0,0
118,2,1567,1,11,Bangladesh,Mehidy Hasan Miraz,Arshdeep Singh,,20,2,4 (LB),4,0,0,0,0,1,4,0,0,0,1,1,0,0,,,0,19.2,1,1,1,528191,-69.00,49.00,4,0,,38,STRAIGHT BALL,40,FRONTFOOT FLICK,0,0,2,19,124,9,Outside Leg stump,Full Length,0,0,2,0,0,0,0,0
119,3,1567,1,11,Bangladesh,Mehidy Hasan Miraz,Arshdeep Singh,,20,3,2,2,2,0,1,0,0,0,0,0,0,0,0,0,0,,,0,19.3,1,1,0,528192,-150.00,-51.50,2,0,,38,STRAIGHT BALL,89,STEP DOWN COVER DRIVE,0,0,3,19,126,9,Outside Leg stump,Short Length,0,0,2,0,0,0,0,0
120,4,1567,1,11,Bangladesh,Mehidy Hasan Miraz,Arshdeep Singh,,20,4,1,1,1,1,0,0,0,0,0,0,0,0,0,0,0,,,0,19.4,1,1,0,528193,73.50,-108.50,1,0,,38,STRAIGHT BALL,58,BACKFOOT PULL SHOT,0,0,4,19,127,9,Outside Off stump,Short Length,0,0,2,0,0,0,0,0
121,5,1567,1,11,Bangladesh,Mustafizur Rahman,Arshdeep Singh,,20,5,0 WK,W,0,0,0,0,1,0,0,0,0,0,0,0,1,Bowled,WICKET,1,19.5,1,1,0,528194,73.50,-108.50,0,0,,39,ANGLED IN,47,FRONTFOOT ON DRIVE,0,0,5,19,127,10,Off stump,Yorker,1,0,2,0,0,0,0,0
123,1,1567,2,1,India,Sanju Samson,Shoriful Islam,,1,1,1,1,1,1,0,0,0,0,0,0,0,0,0,0,0,,,0,0.1,1,1,0,528195,133.50,-39.50,1,0,,38,STRAIGHT BALL,40,FRONTFOOT FLICK,0,0,1,0,1,0,Outside Leg stump,Good Length,1,0,0,0,0,0,0,0
124,2,1567,2,1,India,Abhishek Sharma,Shoriful Islam,,1,2,0,0,0,0,0,0,1,0,0,0,0,0,0,0,0,,,0,0.2,1,1,0,528196,65.50,-29.00,0,0,,38,STRAIGHT BALL,97,BACKFOOT PUSH,0,0,2,0,1,0,Outside Off stump,Short Length,0,0,0,0,0,0,0,0
125,3,1567,2,1,India,Abhishek Sharma,Shoriful Islam,,1,3,1,1,1,1,0,0,0,0,0,0,0,0,0,0,0,,,0,0.3,1,1,0,528197,-47.00,9.50,1,0,,42,OUTSWINGER,52,BACKFOOT COVERDRIVE,0,0,3,0,2,0,Outside Off stump,Short of Good Length,0,0,0,0,0,0,0,0
126,4,1567,2,1,India,Sanju Samson,Shoriful Islam,,1,4,4,4,4,0,0,0,0,0,0,0,0,0,1,0,0,,,0,0.4,1,1,0,528198,-12.50,228.50,4,0,,41,INSWINGER,53,FRONTFOOT STRAIGHT DRIVE,0,0,4,0,6,0,Leg stump,Good Length,0,0,0,0,0,0,0,0
127,5,1567,2,1,India,Sanju Samson,Shoriful Islam,,1,5,0,0,0,0,0,0,1,0,0,0,0,0,0,0,0,,,0,0.5,1,1,0,528199,-7.50,54.50,0,0,,38,STRAIGHT BALL,49,FORWARD DEFENCE,0,0,5,0,6,0,Outside Leg stump,Short of Good Length,0,0,0,0,0,0,0,0
128,6,1567,2,1,India,Sanju Samson,Shoriful Islam,,1,6,4,4,4,0,0,0,0,0,0,0,0,0,1,0,0,,,0,0.6,1,1,0,528200,-62.00,223.00,4,0,,38,STRAIGHT BALL,84,FRONTFOOT OFF DRIVE,0,0,6,0,10,0,Leg stump,Full Length,0,0,0,0,0,0,0,0
129,1,1567,2,1,India,Abhishek Sharma,Taskin Ahmed,,2,1,6,6,6,0,0,0,0,0,0,0,0,0,0,1,0,,,0,1.1,1,1,0,528201,74.50,223.50,6,0,,38,STRAIGHT BALL,5,LOFTED OFF DRIVE,0,0,1,1,16,0,Outside Off stump,Good Length,1,0,0,0,0,0,0,0
130,2,1567,2,1,India,Abhishek Sharma,Taskin Ahmed,,2,2,4,4,4,0,0,0,0,0,0,0,0,0,1,0,0,,,0,1.2,1,1,0,528202,58.50,-143.50,4,0,,30,ANGLED ACROSS,51,FRONTFOOT COVERDRIVE,0,0,2,1,20,0,Outside Off stump,Short of Good Length,0,0,0,0,0,0,0,0
131,3,1567,2,1,India,Abhishek Sharma,Taskin Ahmed,,2,3,0,0,0,0,0,0,1,0,0,0,0,0,0,0,0,,,0,1.3,1,1,0,528203,-28.00,59.00,0,0,,38,STRAIGHT BALL,50,BACKFOOT DEFENCE,0,0,3,1,20,0,Outside Leg stump,Short Length,0,0,0,0,0,0,0,0
132,4,1567,2,1,India,Abhishek Sharma,Taskin Ahmed,,2,4,4,4,4,0,0,0,0,0,0,0,0,0,1,0,0,,,0,1.4,1,1,0,528204,-43.00,-146.00,4,0,,47,SLOWER BALL,89,STEP DOWN COVER DRIVE,0,0,4,1,24,0,Outside Leg stump,Good Length,0,0,0,0,0,0,0,0
133,5,1567,2,1,India,Abhishek Sharma,Taskin Ahmed,,2,5,1,1,1,1,0,0,0,0,0,0,0,0,0,0,0,,,0,1.5,1,1,0,528205,58.00,-115.50,1,0,,30,ANGLED ACROSS,44,GLIDE,0,0,5,1,25,0,Outside Leg stump,Short Length,0,0,0,0,0,0,0,0
134,6,1567,2,1,India,Sanju Samson,Taskin Ahmed,,2,6,0 WK,W,0,0,0,0,1,0,0,0,0,0,0,0,1,Run Out,WICKET,0,1.6,1,1,0,528206,56.50,40.50,0,0,,39,ANGLED IN,97,BACKFOOT PUSH,0,0,6,1,25,1,Outside Off stump,Short of Good Length,0,0,0,0,0,0,0,0
135,1,1567,2,1,India,Suryakumar Yadav,Shoriful Islam,,3,1,0,0,0,0,0,0,1,0,0,0,0,0,0,0,0,,,0,2.1,1,1,0,528207,-62.50,93.00,0,0,,30,ANGLED ACROSS,84,FRONTFOOT OFF DRIVE,0,0,1,2,25,1,Outside Off stump,Good Length,1,0,0,0,0,0,0,0
136,2,1567,2,1,India,Suryakumar Yadav,Shoriful Islam,,3,2,1,1,1,1,0,0,0,0,0,0,0,0,0,0,0,,,0,2.2,1,1,0,528208,-76.00,93.00,1,0,,38,STRAIGHT BALL,84,FRONTFOOT OFF DRIVE,0,0,2,2,26,1,Outside Off stump,Good Length,0,0,0,0,0,0,0,0
137,3,1567,2,1,India,Sanju Samson,Shoriful Islam,,3,3,1,1,1,1,0,0,0,0,0,0,0,0,0,0,0,,,0,2.3,1,1,0,528209,-88.50,109.50,1,0,,30,ANGLED ACROSS,6,BACKFOOT OFF DRIVE,0,0,3,2,27,1,Leg stump,Short Length,0,0,0,0,0,0,0,0
138,4,1567,2,1,India,Suryakumar Yadav,Shoriful Islam,,3,4,1,1,1,1,0,0,0,0,0,0,0,0,0,0,0,,,0,2.4,1,1,0,528210,84.00,24.50,1,0,,38,STRAIGHT BALL,40,FRONTFOOT FLICK,0,0,4,2,28,1,Leg stump,Full Length,0,0,0,0,0,0,0,0
139,5,1567,2,1,India,Sanju Samson,Shoriful Islam,,3,5,4,4,4,0,0,0,0,0,0,0,0,0,1,0,0,,,0,2.5,1,1,0,528211,-165.50,149.50,4,0,,47,SLOWER BALL,51,FRONTFOOT COVERDRIVE,0,0,5,2,32,1,Off stump,Good Length,0,0,0,0,0,0,0,0
140,6,1567,2,1,India,Sanju Samson,Shoriful Islam,,3,6,0,0,0,0,0,0,1,0,0,0,0,0,0,0,0,,,0,2.6,1,1,0,528212,-78.00,19.50,0,0,,38,STRAIGHT BALL,52,BACKFOOT COVERDRIVE,0,0,6,2,32,1,Leg stump,Short Length,0,0,0,0,0,0,0,0
141,1,1567,2,1,India,Suryakumar Yadav,Mustafizur Rahman,,4,1,6,6,6,0,0,0,0,0,0,0,0,0,0,1,0,,,0,3.1,1,1,0,528213,189.00,52.50,6,0,,38,STRAIGHT BALL,11,LOFTED ON DRIVE,0,0,1,3,38,1,Outside Off stump,Good Length,1,0,0,0,0,0,0,0
142,2,1567,2,1,India,Suryakumar Yadav,Mustafizur Rahman,,4,2,0,0,0,0,0,0,1,0,0,0,0,0,0,0,0,,,0,3.2,1,1,0,528214,189.00,52.50,0,0,,30,ANGLED ACROSS,52,BACKFOOT COVERDRIVE,0,0,2,3,38,1,Outside Leg stump,Short Length,0,0,0,0,0,0,0,0
143,3,1567,2,1,India,Suryakumar Yadav,Mustafizur Rahman,,4,3,1,1,1,1,0,0,0,0,0,0,0,0,0,0,0,,,0,3.3,1,1,0,528215,61.00,110.00,1,0,,38,STRAIGHT BALL,40,FRONTFOOT FLICK,0,0,3,3,39,1,Outside Leg stump,Good Length,0,0,0,0,0,0,0,0
144,4,1567,2,1,India,Sanju Samson,Mustafizur Rahman,,4,4,4,4,4,0,0,0,0,0,0,0,0,0,1,0,0,,,0,3.4,1,1,0,528216,-88.50,217.00,4,0,,38,STRAIGHT BALL,84,FRONTFOOT OFF DRIVE,0,0,4,3,43,1,Leg stump,Good Length,0,0,0,0,0,0,0,0
145,5,1567,2,1,India,Sanju Samson,Mustafizur Rahman,,4,5,1 (WD),1,0,0,0,0,0,1,1,0,0,0,0,0,0,,,0,3.5,1,1,1,528217,-88.50,217.00,1,0,,47,SLOWER BALL,105,LEFT ALONE,0,0,5,3,44,1,Outside Off stump,Full Length,0,0,0,0,0,0,0,0
146,6,1567,2,1,India,Sanju Samson,Mustafizur Rahman,,4,5,0,0,0,0,0,0,1,0,0,0,0,0,0,0,0,,,0,3.5,1,1,0,528218,-53.00,106.00,0,0,,38,STRAIGHT BALL,97,BACKFOOT PUSH,0,0,6,3,44,1,Outside Leg stump,Short of Good Length,0,0,0,0,0,0,0,0
147,7,1567,2,1,India,Sanju Samson,Mustafizur Rahman,,4,6,0,0,0,0,0,0,1,0,0,0,0,0,0,0,0,,,0,3.6,1,1,0,528219,-79.50,-19.00,0,0,,47,SLOWER BALL,49,FORWARD DEFENCE,0,0,7,3,44,1,Outside Leg stump,Good Length,0,0,0,0,0,0,0,0
148,1,1567,2,1,India,Suryakumar Yadav,Taskin Ahmed,,5,1,0,0,0,0,0,0,1,0,0,0,0,0,0,0,0,,,0,4.1,1,1,0,528220,-56.00,-6.50,0,0,,38,STRAIGHT BALL,40,FRONTFOOT FLICK,0,0,1,4,44,1,Outside Off stump,Good Length,1,0,0,0,0,0,0,0
149,2,1567,2,1,India,Suryakumar Yadav,Taskin Ahmed,,5,2,0,0,0,0,0,0,1,0,0,0,0,0,0,0,0,,,0,4.2,1,1,0,528221,-33.00,34.00,0,0,,47,SLOWER BALL,40,FRONTFOOT FLICK,0,0,2,4,44,1,Outside Off stump,Good Length,0,0,0,0,0,0,0,0
150,3,1567,2,1,India,Suryakumar Yadav,Taskin Ahmed,,5,3,4,4,4,0,0,0,0,0,0,0,0,0,1,0,0,,,0,4.3,1,1,0,528222,138.50,-101.00,4,0,,38,STRAIGHT BALL,40,FRONTFOOT FLICK,0,0,3,4,48,1,Outside Off stump,Good Length,0,0,0,0,0,0,0,0
151,4,1567,2,1,India,Suryakumar Yadav,Taskin Ahmed,,5,4,4,4,4,0,0,0,0,0,0,0,0,0,1,0,0,,,0,4.4,1,1,0,528223,151.00,-71.00,4,0,,39,ANGLED IN,40,FRONTFOOT FLICK,0,0,4,4,52,1,Off stump,Full Toss,0,1,1,0,1,0,0,0
152,5,1567,2,1,India,Suryakumar Yadav,Taskin Ahmed,,5,5,0,0,0,0,0,0,1,0,0,0,0,0,0,0,0,,,0,4.5,1,1,0,528224,68.00,42.50,0,0,,39,ANGLED IN,40,FRONTFOOT FLICK,0,0,5,4,52,1,Outside Off stump,Good Length,0,0,1,0,0,0,0,0
153,6,1567,2,1,India,Suryakumar Yadav,Taskin Ahmed,,5,6,6,6,6,0,0,0,0,0,0,0,0,0,0,1,0,,,0,4.6,1,1,0,528225,167.00,-57.50,6,0,,38,STRAIGHT BALL,40,FRONTFOOT FLICK,0,0,6,4,58,1,Outside Off stump,Good Length,0,0,1,0,0,0,0,0
154,1,1567,2,1,India,Sanju Samson,Mustafizur Rahman,,6,1,1,1,1,1,0,0,0,0,0,0,0,0,0,0,0,,,0,5.1,1,1,0,528226,61.00,46.00,1,0,,47,SLOWER BALL,97,BACKFOOT PUSH,0,0,1,5,59,1,Outside Leg stump,Short of Good Length,1,0,1,0,0,0,0,0
155,2,1567,2,1,India,Suryakumar Yadav,Mustafizur Rahman,,6,2,6,6,6,0,0,0,0,0,0,0,0,0,0,1,0,,,0,5.2,1,1,0,528227,111.00,191.50,6,0,,47,SLOWER BALL,11,LOFTED ON DRIVE,0,0,2,5,65,1,Outside Leg stump,Full Length,0,0,1,0,0,0,0,0
156,3,1567,2,1,India,Suryakumar Yadav,Mustafizur Rahman,,6,3,0 WK,W,0,0,0,0,1,0,0,0,0,0,0,0,1,Caught,WICKET,1,5.3,1,1,0,528228,137.50,-37.50,0,0,,38,STRAIGHT BALL,40,FRONTFOOT FLICK,0,0,3,5,65,2,Outside Leg stump,Short of Good Length,1,0,1,0,0,0,0,0
157,4,1567,2,1,India,Nitish Kumar Reddy,Mustafizur Rahman,,6,4,1,1,1,1,0,0,0,0,0,0,0,0,0,0,0,,,0,5.4,1,1,0,528229,-32.50,122.00,1,0,,38,STRAIGHT BALL,53,FRONTFOOT STRAIGHT DRIVE,0,0,4,5,66,2,Off stump,Full Length,2,0,1,0,0,0,0,0
158,5,1567,2,1,India,Sanju Samson,Mustafizur Rahman,,6,5,4,4,4,0,0,0,0,0,0,0,0,0,1,0,0,,,0,5.5,1,1,0,528230,174.00,130.00,4,0,,38,STRAIGHT BALL,101,BACKFOOT ON DRIVE,0,0,5,5,70,2,Outside Leg stump,Short of Good Length,0,0,1,0,0,0,0,0
159,6,1567,2,1,India,Sanju Samson,Mustafizur Rahman,,6,6,1,1,1,1,0,0,0,0,0,0,0,0,0,0,0,,,0,5.6,1,1,0,528231,-34.50,119.50,1,0,,38,STRAIGHT BALL,53,FRONTFOOT STRAIGHT DRIVE,0,0,6,5,71,2,Leg stump,Full Length,0,0,1,0,0,0,0,0
160,1,1567,2,1,India,Sanju Samson,Rishad Hossain,,7,1,0,0,0,0,0,0,1,0,0,0,0,0,0,0,0,,,0,6.1,1,1,0,528232,-34.50,119.50,0,0,,24,LEG SPIN,49,FORWARD DEFENCE,0,0,1,6,71,2,Outside Off stump,Good Length,1,0,1,0,0,0,0,0
161,2,1567,2,1,India,Sanju Samson,Rishad Hossain,,7,2,0,0,0,0,0,0,1,0,0,0,0,0,0,0,0,,,0,6.2,1,1,0,528233,-56.50,70.00,0,0,,24,LEG SPIN,84,FRONTFOOT OFF DRIVE,0,0,2,6,71,2,Off stump,Good Length,0,0,1,0,0,0,0,0
162,3,1567,2,1,India,Sanju Samson,Rishad Hossain,,7,3,1,1,1,1,0,0,0,0,0,0,0,0,0,0,0,,,0,6.3,1,1,0,528234,-100.00,151.00,1,0,,24,LEG SPIN,6,BACKFOOT OFF DRIVE,0,0,3,6,72,2,Off stump,Good Length,0,0,1,0,0,0,0,0
163,4,1567,2,1,India,Nitish Kumar Reddy,Rishad Hossain,,7,4,0,0,0,0,0,0,1,0,0,0,0,0,0,0,0,,,0,6.4,1,1,0,528235,-4.50,-14.50,0,0,,24,LEG SPIN,56,REVERSE SWEEP,0,0,4,6,72,2,Outside Off stump,Full Length,0,0,1,0,0,0,0,0
164,5,1567,2,1,India,Nitish Kumar Reddy,Rishad Hossain,,7,5,1,1,1,1,0,0,0,0,0,0,0,0,0,0,0,,,0,6.5,1,1,0,528236,-96.00,150.50,1,0,,24,LEG SPIN,84,FRONTFOOT OFF DRIVE,0,0,5,6,73,2,Outside Off stump,Full Length,0,0,1,0,0,0,0,0
165,6,1567,2,1,India,Sanju Samson,Rishad Hossain,,7,6,4,4,4,0,0,0,0,0,0,0,0,0,1,0,0,,,0,6.6,1,1,0,528237,-191.50,88.00,4,0,,24,LEG SPIN,52,BACKFOOT COVERDRIVE,0,0,6,6,77,2,Outside Off stump,Short of Good Length,0,0,1,0,0,0,0,0
166,1,1567,2,1,India,Nitish Kumar Reddy,Mehidy Hasan Miraz,,8,1,0,0,0,0,0,0,1,0,0,0,0,0,0,0,0,,,0,7.1,1,1,0,528238,62.00,46.50,0,0,,25,OFF SPIN,40,FRONTFOOT FLICK,0,0,1,7,77,2,Leg stump,Full Length,1,0,1,0,0,0,0,0
167,2,1567,2,1,India,Nitish Kumar Reddy,Mehidy Hasan Miraz,,8,2,0,0,0,0,0,0,1,0,0,0,0,0,0,0,0,,,0,7.2,1,1,0,528239,-17.50,66.00,0,0,,25,OFF SPIN,49,FORWARD DEFENCE,0,0,2,7,77,2,Outside Off stump,Full Length,0,0,1,0,0,0,0,0
168,3,1567,2,1,India,Nitish Kumar Reddy,Mehidy Hasan Miraz,,8,3,2,2,2,0,1,0,0,0,0,0,0,0,0,0,0,,,0,7.3,1,1,0,528240,120.50,-83.50,2,0,,25,OFF SPIN,54,LEG GLANCE,0,0,3,7,79,2,Off stump,Good Length,0,0,1,0,0,0,0,0
169,4,1567,2,1,India,Nitish Kumar Reddy,Mehidy Hasan Miraz,,8,4,1,1,1,1,0,0,0,0,0,0,0,0,0,0,0,,,0,7.4,1,1,0,528241,62.50,174.50,1,0,,25,OFF SPIN,74,STEP DOWN ON DRIVE,0,0,4,7,80,2,Off stump,Full Length,0,0,1,0,0,0,0,0
170,5,1567,2,1,India,Sanju Samson,Mehidy Hasan Miraz,,8,5,0 WK,W,0,0,0,0,1,0,0,0,0,0,0,0,1,Caught,WICKET,1,7.5,1,1,0,528242,157.00,64.00,0,0,,25,OFF SPIN,11,LOFTED ON DRIVE,0,0,5,7,80,3,Middle stump,Good Length,1,0,1,0,0,0,0,0
171,6,1567,2,1,India,Hardik Pandya,Mehidy Hasan Miraz,,8,6,4,4,4,0,0,0,0,0,0,0,0,0,1,0,0,,,0,7.6,1,1,0,528243,162.50,143.50,4,0,,25,OFF SPIN,11,LOFTED ON DRIVE,0,0,6,7,84,3,Leg stump,Full Length,2,0,1,0,0,0,0,0
172,1,1567,2,1,India,Nitish Kumar Reddy,Rishad Hossain,,9,1,1,1,1,1,0,0,0,0,0,0,0,0,0,0,0,,,0,8.1,1,1,0,528244,59.50,94.50,1,0,,24,LEG SPIN,27,FORWARD PUSH,0,0,1,8,85,3,Middle stump,Full Length,3,0,1,0,0,0,0,0
173,2,1567,2,1,India,Hardik Pandya,Rishad Hossain,,9,2,1,1,1,1,0,0,0,0,0,0,0,0,0,0,0,,,0,8.2,1,1,0,528245,-139.50,48.50,1,0,,24,LEG SPIN,51,FRONTFOOT COVERDRIVE,0,0,2,8,86,3,Off stump,Good Length,0,0,1,0,0,0,0,0
174,3,1567,2,1,India,Nitish Kumar Reddy,Rishad Hossain,,9,3,0,0,0,0,0,0,1,0,0,0,0,0,0,0,0,,,0,8.3,1,1,0,528246,-35.00,28.00,0,0,,24,LEG SPIN,50,BACKFOOT DEFENCE,0,0,3,8,86,3,Leg stump,Good Length,0,0,1,0,0,0,0,0
175,4,1567,2,1,India,Nitish Kumar Reddy,Rishad Hossain,,9,4,1,1,1,1,0,0,0,0,0,0,0,0,0,0,0,,,0,8.4,1,1,0,528247,-92.50,163.50,1,0,,24,LEG SPIN,6,BACKFOOT OFF DRIVE,0,0,4,8,87,3,Outside Off stump,Good Length,0,0,1,0,0,0,0,0
176,5,1567,2,1,India,Hardik Pandya,Rishad Hossain,,9,5,1,1,1,1,0,0,0,0,0,0,0,0,0,0,0,,,0,8.5,1,1,0,528248,170.00,31.00,1,0,,24,LEG SPIN,55,SWEEP SHOT,0,0,5,8,88,3,Outside Off stump,Full Length,0,0,1,0,0,0,0,0
177,6,1567,2,1,India,Nitish Kumar Reddy,Rishad Hossain,,9,6,6,6,6,0,0,0,0,0,0,0,0,0,0,1,0,,,0,8.6,1,1,0,528249,94.00,206.00,6,0,,24,LEG SPIN,11,LOFTED ON DRIVE,0,0,6,8,94,3,Leg stump,Full Length,0,0,1,0,0,0,0,0
178,1,1567,2,1,India,Hardik Pandya,Mustafizur Rahman,,10,1,1,1,1,1,0,0,0,0,0,0,0,0,0,0,0,,,0,9.1,1,1,0,528250,-158.00,65.50,1,0,,38,STRAIGHT BALL,15,LOFTED COVER DRIVE,0,0,1,9,95,3,Leg stump,Good Length,1,0,1,0,0,0,0,0
179,2,1567,2,1,India,Nitish Kumar Reddy,Mustafizur Rahman,,10,2,1 (LB),1,0,0,0,0,1,1,0,0,0,1,0,0,0,,,0,9.2,1,1,1,528251,-158.00,65.50,1,0,,38,STRAIGHT BALL,58,BACKFOOT PULL SHOT,0,0,2,9,96,3,Outside Leg stump,Short of Good Length,0,0,1,0,0,0,0,0
180,3,1567,2,1,India,Hardik Pandya,Mustafizur Rahman,,10,3,4,4,4,0,0,0,0,0,0,0,0,0,1,0,0,,,0,9.3,1,1,0,528252,-121.50,-117.00,4,0,,38,STRAIGHT BALL,31,UPPER CUT,0,0,3,9,100,3,Leg stump,Short Length,0,1,2,0,0,1,0,0
181,4,1567,2,1,India,Hardik Pandya,Mustafizur Rahman,,10,4,1,1,1,1,0,0,0,0,0,0,0,0,0,0,0,,,0,9.4,1,1,0,528253,-148.00,-28.00,1,0,,30,ANGLED ACROSS,59,FRONTFOOT SQUARE DRIVE,0,0,4,9,101,3,Leg stump,Good Length,0,0,2,0,0,0,0,0
182,5,1567,2,1,India,Nitish Kumar Reddy,Mustafizur Rahman,,10,5,1,1,1,1,0,0,0,0,0,0,0,0,0,0,0,,,0,9.5,1,1,0,528254,-88.50,40.00,1,0,,38,STRAIGHT BALL,52,BACKFOOT COVERDRIVE,0,0,5,9,102,3,Leg stump,Short of Good Length,0,0,2,0,0,0,0,0
183,6,1567,2,1,India,Hardik Pandya,Mustafizur Rahman,,10,6,4,4,4,0,0,0,0,0,0,0,0,0,1,0,0,,,0,9.6,1,1,0,528255,-135.00,176.50,4,0,,38,STRAIGHT BALL,5,LOFTED OFF DRIVE,0,0,6,9,106,3,Leg stump,Full Length,0,0,2,0,0,0,0,0
184,1,1567,2,1,India,Nitish Kumar Reddy,Rishad Hossain,,11,1,1,1,1,1,0,0,0,0,0,0,0,0,0,0,0,,,0,10.1,1,1,0,528256,-71.50,-5.50,1,0,,24,LEG SPIN,27,FORWARD PUSH,0,0,1,10,107,3,Outside Off stump,Full Length,1,0,2,0,0,0,0,0
185,2,1567,2,1,India,Hardik Pandya,Rishad Hossain,,11,2,2,2,2,0,1,0,0,0,0,0,0,0,0,0,0,,,0,10.2,1,1,0,528257,-150.00,-43.50,2,0,,24,LEG SPIN,36,CUT SHOT,0,0,2,10,109,3,Outside Off stump,Full Length,0,0,2,0,0,0,0,0
186,3,1567,2,1,India,Hardik Pandya,Rishad Hossain,,11,3,0,0,0,0,0,0,1,0,0,0,0,0,0,0,0,,,0,10.3,1,1,0,528258,-10.00,-22.50,0,0,,24,LEG SPIN,36,CUT SHOT,0,0,3,10,109,3,Outside Off stump,Good Length,0,0,2,0,0,0,0,0
187,4,1567,2,1,India,Hardik Pandya,Rishad Hossain,,11,4,6,6,6,0,0,0,0,0,0,0,0,0,0,1,0,,,0,10.4,1,1,0,528259,-183.00,97.50,6,0,,24,LEG SPIN,15,LOFTED COVER DRIVE,0,0,4,10,115,3,Outside Off stump,Short of Good Length,0,0,2,0,0,0,0,0
188,5,1567,2,1,India,Hardik Pandya,Rishad Hossain,,11,5,0,0,0,0,0,0,1,0,0,0,0,0,0,0,0,,,0,10.5,1,1,0,528260,-9.00,74.00,0,0,,24,LEG SPIN,27,FORWARD PUSH,0,0,5,10,115,3,Off stump,Good Length,0,0,2,0,0,0,0,0
189,6,1567,2,1,India,Hardik Pandya,Rishad Hossain,,11,6,1,1,1,1,0,0,0,0,0,0,0,0,0,0,0,,,0,10.6,1,1,0,528261,84.50,167.50,1,0,,24,LEG SPIN,11,LOFTED ON DRIVE,0,0,6,10,116,3,Outside Off stump,Full Length,0,0,2,0,0,0,0,0
190,1,1567,2,1,India,Hardik Pandya,Taskin Ahmed,,12,1,1 (LB),1,0,0,0,0,1,1,0,0,0,1,0,0,0,,,0,11.1,1,1,1,528262,84.50,167.50,1,0,,39,ANGLED IN,40,FRONTFOOT FLICK,0,0,1,11,117,3,Outside Leg stump,Full Length,1,0,2,0,0,0,0,0
191,2,1567,2,1,India,Nitish Kumar Reddy,Taskin Ahmed,,12,2,1,1,1,1,0,0,0,0,0,0,0,0,0,0,0,,,0,11.2,1,1,0,528263,139.00,-23.00,1,0,,39,ANGLED IN,40,FRONTFOOT FLICK,0,0,2,11,118,3,Middle stump,Full Length,0,0,2,0,0,0,0,0
192,3,1567,2,1,India,Hardik Pandya,Taskin Ahmed,,12,3,4,4,4,0,0,0,0,0,0,0,0,0,1,0,0,,,0,11.3,1,1,0,528264,-11.50,-151.50,4,0,,38,STRAIGHT BALL,31,UPPER CUT,0,0,3,11,122,3,Outside Off stump,Short Length,0,0,2,0,0,0,0,0
193,4,1567,2,1,India,Hardik Pandya,Taskin Ahmed,,12,4,4,4,4,0,0,0,0,0,0,0,0,0,1,0,0,,,0,11.4,1,1,0,528265,-180.50,-68.50,4,0,,38,STRAIGHT BALL,18,SLOG SHOT,0,0,4,11,126,3,Outside Off stump,Full Toss,0,0,2,0,0,0,0,0
194,5,1567,2,1,India,Hardik Pandya,Taskin Ahmed,,12,5,6,6,6,0,0,0,0,0,0,0,0,0,0,1,0,,,0,11.5,1,1,0,528266,198.50,77.50,6,0,,38,STRAIGHT BALL,58,BACKFOOT PULL SHOT,0,0,5,11,132,3,Outside Off stump,Short Length,0,0,2,0,0,0,0,0
